,s-3,s-2,s-1,a,r
0,0,5,6,6,-1
1,5,6,6,6,-1
2,6,6,6,4,-1
3,6,6,4,7,0
4,6,4,7,0,0
5,4,7,0,5,-1
6,7,0,5,1,-1
7,0,5,1,9,1
8,5,1,9,0,0
9,1,9,0,6,-1
10,9,0,6,5,-1
11,0,6,5,5,-1
12,6,5,5,8,1
13,5,5,8,2,1
14,5,8,2,5,-1
15,8,2,5,9,1
16,2,5,9,6,1
17,5,9,6,1,0
18,9,6,1,9,1
19,6,1,9,7,0
20,1,9,7,2,1
21,9,7,2,8,1
22,7,2,8,8,1
23,2,8,8,2,1
24,8,8,2,9,1
25,8,2,9,7,-1
26,2,9,7,0,0
27,9,7,0,4,-1
28,7,0,4,8,0
29,0,4,8,3,-1
30,4,8,3,9,1
31,8,3,9,6,0
32,3,9,6,0,-1
33,9,6,0,7,-1
34,6,0,7,8,1
35,0,7,8,1,0
36,7,8,1,9,0
37,8,1,9,3,1
38,1,9,3,1,-1
39,9,3,1,9,1
40,3,1,9,2,1
41,1,9,2,3,-1
42,9,2,3,7,1
43,2,3,7,6,-1
44,3,7,6,9,1
45,7,6,9,4,1
46,6,9,4,5,-1
47,9,4,5,0,-1
48,4,5,0,2,1
49,5,0,2,3,1
50,0,2,3,2,1
51,2,3,2,6,-1
52,3,2,6,4,-1
53,2,6,4,9,1
54,6,4,9,9,1
55,4,9,9,0,-1
56,9,9,0,8,1
57,9,0,8,2,1
58,0,8,2,7,0
59,8,2,7,2,1
60,2,7,2,8,1
61,7,2,8,3,0
62,2,8,3,1,1
63,8,3,1,9,1
64,3,1,9,3,0
65,1,9,3,2,1
66,9,3,2,9,1
67,3,2,9,2,1
68,2,9,2,8,1
69,9,2,8,4,1
70,2,8,4,2,-1
71,8,4,2,4,-1
72,4,2,4,9,-1
73,2,4,9,5,-1
74,4,9,5,4,1
75,9,5,4,8,1
76,5,4,8,1,-1
77,4,8,1,5,-1
78,8,1,5,0,-1
79,1,5,0,8,1
80,5,0,8,6,-1
81,0,8,6,9,1
82,8,6,9,4,1
83,6,9,4,5,-1
84,9,4,5,2,1
85,4,5,2,5,-1
86,5,2,5,8,1
87,2,5,8,9,1
88,5,8,9,7,0
89,8,9,7,0,-1
90,9,7,0,4,-1
91,7,0,4,5,0
92,0,4,5,3,1
93,4,5,3,1,0
94,5,3,1,9,-1
95,3,1,9,6,-1
96,1,9,6,3,1
97,9,6,3,9,1
98,6,3,9,6,-1
99,3,9,6,9,1
100,9,6,9,4,1
101,6,9,4,2,1
102,9,4,2,8,1
103,4,2,8,8,1
104,2,8,8,9,-1
105,8,8,9,9,-1
106,8,9,9,2,1
107,9,9,2,8,1
108,9,2,8,5,-1
109,2,8,5,1,0
110,8,5,1,1,-1
111,5,1,1,6,-1
112,1,1,6,6,-1
113,1,6,6,2,1
114,6,6,2,6,-1
115,6,2,6,7,0
116,2,6,7,1,0
117,6,7,1,5,-1
118,7,1,5,8,1
119,1,5,8,3,1
120,5,8,3,3,1
121,8,3,3,8,1
122,3,3,8,1,0
123,3,8,1,9,1
124,8,1,9,1,-1
125,1,9,1,7,-1
126,9,1,7,2,1
127,1,7,2,8,1
128,7,2,8,2,1
129,2,8,2,8,-1
130,8,2,8,4,-1
131,2,8,4,5,0
132,8,4,5,5,-1
133,4,5,5,0,-1
134,5,5,0,6,0
135,5,0,6,6,-1
136,0,6,6,1,1
137,6,6,1,8,-1
138,6,1,8,8,1
139,1,8,8,8,1
140,8,8,8,3,-1
141,8,8,3,2,1
142,8,3,2,2,1
143,3,2,2,0,-1
144,2,2,0,8,1
145,2,0,8,3,0
146,0,8,3,3,0
147,8,3,3,2,0
148,3,3,2,9,-1
149,3,2,9,4,1
150,2,9,4,2,1
151,9,4,2,6,-1
152,4,2,6,6,0
153,2,6,6,5,-1
154,6,6,5,3,1
155,6,5,3,3,0
156,5,3,3,7,0
157,3,3,7,6,-1
158,3,7,6,9,1
159,7,6,9,2,1
160,6,9,2,1,0
161,9,2,1,9,1
162,2,1,9,5,1
163,1,9,5,6,0
164,9,5,6,5,-1
165,5,6,5,7,0
166,6,5,7,2,1
167,5,7,2,2,1
168,7,2,2,5,1
169,2,2,5,0,-1
170,2,5,0,9,0
171,5,0,9,7,-1
172,0,9,7,4,-1
173,9,7,4,9,-1
174,7,4,9,4,-1
175,4,9,4,1,0
176,9,4,1,3,1
177,4,1,3,6,-1
178,1,3,6,7,0
179,3,6,7,4,1
180,6,7,4,2,1
181,7,4,2,9,0
182,4,2,9,9,-1
183,2,9,9,4,1
184,9,9,4,3,1
185,9,4,3,9,1
186,4,3,9,9,0
187,3,9,9,9,1
188,9,9,9,8,0
189,9,9,8,2,1
190,9,8,2,6,-1
191,8,2,6,0,-1
192,2,6,0,7,0
193,6,0,7,9,1
194,0,7,9,6,-1
195,7,9,6,1,0
196,9,6,1,8,1
197,6,1,8,3,1
198,1,8,3,7,0
199,8,3,7,3,1
200,3,7,3,5,-1
201,7,3,5,8,1
202,3,5,8,3,1
203,5,8,3,0,1
204,8,3,0,2,1
205,3,0,2,7,0
206,0,2,7,2,1
207,2,7,2,0,-1
208,7,2,0,3,1
209,2,0,3,5,-1
210,0,3,5,6,-1
211,3,5,6,7,0
212,5,6,7,9,1
213,6,7,9,2,1
214,7,9,2,2,0
215,9,2,2,8,0
216,2,2,8,6,-1
217,2,8,6,7,0
218,8,6,7,0,-1
219,6,7,0,9,-1
220,7,0,9,9,1
221,0,9,9,8,1
222,9,9,8,7,0
223,9,8,7,2,1
224,8,7,2,1,0
225,7,2,1,7,-1
226,2,1,7,6,-1
227,1,7,6,4,-1
228,7,6,4,6,-1
229,6,4,6,0,1
230,4,6,0,1,0
231,6,0,1,8,1
232,0,1,8,5,-1
233,1,8,5,1,0
234,8,5,1,9,0
235,5,1,9,4,-1
236,1,9,4,1,0
237,9,4,1,7,0
238,4,1,7,9,1
239,1,7,9,2,1
240,7,9,2,4,-1
241,9,2,4,7,0
242,2,4,7,7,0
243,4,7,7,2,-1
244,7,7,2,0,-1
245,7,2,0,5,-1
246,2,0,5,0,-1
247,0,5,0,0,-1
248,5,0,0,4,-1
249,0,0,4,5,-1
250,0,4,5,1,0
251,4,5,1,8,0
252,5,1,8,4,-1
253,1,8,4,1,-1
254,8,4,1,8,1
255,4,1,8,9,1
256,1,8,9,2,1
257,8,9,2,3,1
258,9,2,3,1,-1
259,2,3,1,3,1
260,3,1,3,4,1
261,1,3,4,5,-1
262,3,4,5,8,0
263,4,5,8,9,1
264,5,8,9,0,1
265,8,9,0,1,-1
266,9,0,1,7,0
267,0,1,7,1,0
268,1,7,1,8,1
269,7,1,8,9,1
270,1,8,9,3,1
271,8,9,3,5,-1
272,9,3,5,2,1
273,3,5,2,8,1
274,5,2,8,6,-1
275,2,8,6,3,-1
276,8,6,3,5,-1
277,6,3,5,4,-1
278,3,5,4,8,1
279,5,4,8,4,1
280,4,8,4,2,0
281,8,4,2,5,-1
282,4,2,5,3,1
283,2,5,3,2,1
284,5,3,2,8,1
285,3,2,8,8,1
286,2,8,8,9,-1
287,8,8,9,4,-1
288,8,9,4,6,0
289,9,4,6,0,1
290,4,6,0,4,-1
291,6,0,4,0,0
292,0,4,0,3,1
293,4,0,3,9,1
294,0,3,9,2,1
295,3,9,2,8,1
296,9,2,8,2,-1
297,2,8,2,6,0
298,8,2,6,6,0
299,2,6,6,4,-1
300,6,6,4,2,-1
301,6,4,2,0,-1
302,4,2,0,2,1
303,2,0,2,8,0
304,0,2,8,6,0
305,2,8,6,3,1
306,8,6,3,8,1
307,6,3,8,1,0
308,3,8,1,4,-1
309,8,1,4,8,1
310,1,4,8,3,1
311,4,8,3,9,1
312,8,3,9,4,1
313,3,9,4,9,1
314,9,4,9,5,-1
315,4,9,5,0,0
316,9,5,0,0,0
317,5,0,0,7,1
318,0,0,7,1,0
319,0,7,1,6,0
320,7,1,6,5,-1
321,1,6,5,2,1
322,6,5,2,2,1
323,5,2,2,6,0
324,2,2,6,0,1
325,2,6,0,5,-1
326,6,0,5,7,1
327,0,5,7,2,1
328,5,7,2,6,-1
329,7,2,6,4,1
330,2,6,4,5,-1
331,6,4,5,8,-1
332,4,5,8,3,1
333,5,8,3,4,-1
334,8,3,4,4,-1
335,3,4,4,5,-1
336,4,4,5,2,1
337,4,5,2,9,-1
338,5,2,9,2,1
339,2,9,2,9,1
340,9,2,9,3,-1
341,2,9,3,1,-1
342,9,3,1,2,0
343,3,1,2,7,0
344,1,2,7,7,0
345,2,7,7,7,0
346,7,7,7,0,-1
347,7,7,0,4,-1
348,7,0,4,6,-1
349,0,4,6,1,0
350,4,6,1,9,1
351,6,1,9,0,-1
352,1,9,0,9,0
353,9,0,9,1,0
354,0,9,1,7,0
355,9,1,7,7,0
356,1,7,7,3,1
357,7,7,3,3,-1
358,7,3,3,8,1
359,3,3,8,3,1
360,3,8,3,1,-1
361,8,3,1,2,-1
362,3,1,2,8,1
363,1,2,8,8,1
364,2,8,8,4,-1
365,8,8,4,9,0
366,8,4,9,0,-1
367,4,9,0,9,-1
368,9,0,9,7,0
369,0,9,7,1,-1
370,9,7,1,6,-1
371,7,1,6,2,0
372,1,6,2,9,1
373,6,2,9,8,1
374,2,9,8,1,0
375,9,8,1,2,1
376,8,1,2,8,0
377,1,2,8,1,1
378,2,8,1,2,0
379,8,1,2,2,1
380,1,2,2,9,-1
381,2,2,9,8,0
382,2,9,8,0,1
383,9,8,0,1,0
384,8,0,1,8,1
385,0,1,8,5,0
386,1,8,5,7,0
387,8,5,7,8,1
388,5,7,8,8,0
389,7,8,8,2,1
390,8,8,2,5,-1
391,8,2,5,7,1
392,2,5,7,2,1
393,5,7,2,8,0
394,7,2,8,9,1
395,2,8,9,7,0
396,8,9,7,8,0
397,9,7,8,5,-1
398,7,8,5,4,-1
399,8,5,4,7,1
400,5,4,7,7,-1
401,4,7,7,4,-1
402,7,7,4,4,-1
403,7,4,4,9,0
404,4,4,9,7,0
405,4,9,7,1,0
406,9,7,1,2,1
407,7,1,2,5,-1
408,1,2,5,2,1
409,2,5,2,9,1
410,5,2,9,7,0
411,2,9,7,0,-1
412,9,7,0,9,1
413,7,0,9,6,-1
414,0,9,6,3,1
415,9,6,3,1,0
416,6,3,1,4,-1
417,3,1,4,4,1
418,1,4,4,5,1
419,4,4,5,9,0
420,4,5,9,8,1
421,5,9,8,8,1
422,9,8,8,2,0
423,8,8,2,1,0
424,8,2,1,5,-1
425,2,1,5,3,1
426,1,5,3,8,1
427,5,3,8,9,1
428,3,8,9,9,1
429,8,9,9,6,-1
430,9,9,6,9,1
431,9,6,9,5,-1
432,6,9,5,2,1
433,9,5,2,1,-1
434,5,2,1,8,1
435,2,1,8,2,1
436,1,8,2,9,1
437,8,2,9,5,-1
438,2,9,5,5,-1
439,9,5,5,3,1
440,5,5,3,6,-1
441,5,3,6,2,1
442,3,6,2,2,1
443,6,2,2,6,-1
444,2,2,6,0,0
445,2,6,0,3,1
446,6,0,3,1,-1
447,0,3,1,9,1
448,3,1,9,9,-1
449,1,9,9,1,0
450,9,9,1,0,-1
451,9,1,0,6,-1
452,1,0,6,2,0
453,0,6,2,5,-1
454,6,2,5,1,1
455,2,5,1,8,-1
456,5,1,8,2,1
457,1,8,2,0,-1
458,8,2,0,8,1
459,2,0,8,3,1
460,0,8,3,3,-1
461,8,3,3,3,-1
462,3,3,3,6,0
463,3,3,6,1,0
464,3,6,1,3,1
465,6,1,3,3,0
466,1,3,3,2,1
467,3,3,2,2,0
468,3,2,2,2,1
469,2,2,2,8,1
470,2,2,8,1,0
471,2,8,1,1,0
472,8,1,1,1,0
473,1,1,1,1,0
474,1,1,1,1,0
475,1,1,1,5,1
476,1,1,5,0,-1
477,1,5,0,1,0
478,5,0,1,9,1
479,0,1,9,3,1
480,1,9,3,3,1
481,9,3,3,7,-1
482,3,3,7,9,1
483,3,7,9,1,1
484,7,9,1,9,0
485,9,1,9,3,1
486,1,9,3,4,-1
487,9,3,4,3,1
488,3,4,3,8,-1
489,4,3,8,8,1
490,3,8,8,0,0
491,8,8,0,1,-1
492,8,0,1,2,1
493,0,1,2,9,1
494,1,2,9,5,-1
495,2,9,5,7,0
496,9,5,7,5,-1
497,5,7,5,1,-1
498,7,5,1,2,1
499,5,1,2,9,1
500,1,2,9,2,1
501,2,9,2,9,-1
502,9,2,9,9,1
503,2,9,9,3,1
504,9,9,3,7,0
505,9,3,7,2,1
506,3,7,2,1,0
507,7,2,1,1,-1
508,2,1,1,0,-1
509,1,1,0,1,-1
510,1,0,1,0,-1
511,0,1,0,4,-1
512,1,0,4,6,-1
513,0,4,6,9,1
514,4,6,9,6,-1
515,6,9,6,6,1
516,9,6,6,3,1
517,6,6,3,2,1
518,6,3,2,9,-1
519,3,2,9,9,1
520,2,9,9,2,1
521,9,9,2,9,1
522,9,2,9,9,1
523,2,9,9,6,-1
524,9,9,6,7,0
525,9,6,7,3,1
526,6,7,3,3,1
527,7,3,3,2,1
528,3,3,2,7,0
529,3,2,7,2,1
530,2,7,2,9,-1
531,7,2,9,8,1
532,2,9,8,8,1
533,9,8,8,2,-1
534,8,8,2,6,0
535,8,2,6,3,1
536,2,6,3,9,-1
537,6,3,9,3,1
538,3,9,3,1,-1
539,9,3,1,1,0
540,3,1,1,9,1
541,1,1,9,1,0
542,1,9,1,4,0
543,9,1,4,7,0
544,1,4,7,6,1
545,4,7,6,4,-1
546,7,6,4,7,0
547,6,4,7,2,1
548,4,7,2,4,-1
549,7,2,4,0,-1
550,2,4,0,7,1
551,4,0,7,9,1
552,0,7,9,9,1
553,7,9,9,0,-1
554,9,9,0,5,-1
555,9,0,5,6,-1
556,0,5,6,6,-1
557,5,6,6,3,1
558,6,6,3,3,-1
559,6,3,3,7,1
560,3,3,7,2,-1
561,3,7,2,4,0
562,7,2,4,2,1
563,2,4,2,1,-1
564,4,2,1,6,-1
565,2,1,6,8,-1
566,1,6,8,5,0
567,6,8,5,1,0
568,8,5,1,7,0
569,5,1,7,0,1
570,1,7,0,0,1
571,7,0,0,2,1
572,0,0,2,9,0
573,0,2,9,6,-1
574,2,9,6,9,1
575,9,6,9,8,1
576,6,9,8,1,0
577,9,8,1,9,1
578,8,1,9,2,1
579,1,9,2,8,0
580,9,2,8,5,-1
581,2,8,5,8,0
582,8,5,8,0,0
583,5,8,0,8,0
584,8,0,8,3,1
585,0,8,3,0,-1
586,8,3,0,3,-1
587,3,0,3,4,-1
588,0,3,4,7,0
589,3,4,7,0,-1
590,4,7,0,0,-1
591,7,0,0,1,0
592,0,0,1,4,-1
593,0,1,4,2,1
594,1,4,2,4,-1
595,4,2,4,1,0
596,2,4,1,8,1
597,4,1,8,9,1
598,1,8,9,6,-1
599,8,9,6,9,-1
600,9,6,9,1,0
601,6,9,1,4,-1
602,9,1,4,3,-1
603,1,4,3,7,0
604,4,3,7,7,0
605,3,7,7,4,-1
606,7,7,4,8,0
607,7,4,8,4,-1
608,4,8,4,8,0
609,8,4,8,4,-1
610,4,8,4,3,1
611,8,4,3,7,0
612,4,3,7,2,-1
613,3,7,2,2,0
614,7,2,2,2,1
615,2,2,2,1,0
616,2,2,1,7,0
617,2,1,7,1,0
618,1,7,1,8,-1
619,7,1,8,0,1
620,1,8,0,7,1
621,8,0,7,3,1
622,0,7,3,9,1
623,7,3,9,5,-1
624,3,9,5,8,1
625,9,5,8,6,-1
626,5,8,6,9,0
627,8,6,9,1,1
628,6,9,1,7,0
629,9,1,7,6,1
630,1,7,6,9,-1
631,7,6,9,3,1
632,6,9,3,8,1
633,9,3,8,7,1
634,3,8,7,8,1
635,8,7,8,1,0
636,7,8,1,6,-1
637,8,1,6,3,1
638,1,6,3,8,0
639,6,3,8,6,-1
640,3,8,6,9,1
641,8,6,9,7,0
642,6,9,7,2,1
643,9,7,2,9,1
644,7,2,9,2,0
645,2,9,2,7,0
646,9,2,7,3,-1
647,2,7,3,7,0
648,7,3,7,6,1
649,3,7,6,3,1
650,7,6,3,9,1
651,6,3,9,1,0
652,3,9,1,8,1
653,9,1,8,7,0
654,1,8,7,5,-1
655,8,7,5,7,0
656,7,5,7,2,0
657,5,7,2,3,-1
658,7,2,3,2,1
659,2,3,2,4,-1
660,3,2,4,3,1
661,2,4,3,2,1
662,4,3,2,2,0
663,3,2,2,7,-1
664,2,2,7,2,-1
665,2,7,2,8,1
666,7,2,8,8,0
667,2,8,8,6,0
668,8,8,6,8,0
669,8,6,8,2,1
670,6,8,2,6,-1
671,8,2,6,6,-1
672,2,6,6,9,0
673,6,6,9,6,-1
674,6,9,6,8,0
675,9,6,8,9,1
676,6,8,9,2,1
677,8,9,2,9,1
678,9,2,9,0,-1
679,2,9,0,1,0
680,9,0,1,6,-1
681,0,1,6,1,-1
682,1,6,1,3,1
683,6,1,3,5,-1
684,1,3,5,5,0
685,3,5,5,3,1
686,5,5,3,5,-1
687,5,3,5,0,-1
688,3,5,0,0,-1
689,5,0,0,8,1
690,0,0,8,9,1
691,0,8,9,6,-1
692,8,9,6,2,1
693,9,6,2,7,-1
694,6,2,7,0,-1
695,2,7,0,1,-1
696,7,0,1,7,-1
697,0,1,7,2,1
698,1,7,2,9,1
699,7,2,9,9,1
700,2,9,9,0,1
701,9,9,0,9,-1
702,9,0,9,0,-1
703,0,9,0,3,1
704,9,0,3,7,0
705,0,3,7,4,-1
706,3,7,4,7,0
707,7,4,7,9,1
708,4,7,9,4,-1
709,7,9,4,8,1
710,9,4,8,5,-1
711,4,8,5,9,0
712,8,5,9,8,1
713,5,9,8,4,-1
714,9,8,4,5,-1
715,8,4,5,0,0
716,4,5,0,8,1
717,5,0,8,0,-1
718,0,8,0,2,1
719,8,0,2,5,1
720,0,2,5,3,1
721,2,5,3,3,1
722,5,3,3,7,0
723,3,3,7,7,0
724,3,7,7,5,-1
725,7,7,5,2,1
726,7,5,2,8,1
727,5,2,8,9,0
728,2,8,9,0,1
729,8,9,0,5,-1
730,9,0,5,8,1
731,0,5,8,2,0
732,5,8,2,8,1
733,8,2,8,1,0
734,2,8,1,9,1
735,8,1,9,8,1
736,1,9,8,7,0
737,9,8,7,3,0
738,8,7,3,1,0
739,7,3,1,5,1
740,3,1,5,2,1
741,1,5,2,0,-1
742,5,2,0,1,0
743,2,0,1,1,0
744,0,1,1,8,1
745,1,1,8,3,1
746,1,8,3,2,1
747,8,3,2,9,1
748,3,2,9,0,1
749,2,9,0,0,0
750,9,0,0,3,1
751,0,0,3,0,0
752,0,3,0,9,1
753,3,0,9,0,-1
754,0,9,0,3,1
755,9,0,3,8,0
756,0,3,8,8,1
757,3,8,8,9,1
758,8,8,9,4,1
759,8,9,4,2,1
760,9,4,2,3,0
761,4,2,3,3,-1
762,2,3,3,2,1
763,3,3,2,3,1
764,3,2,3,1,0
765,2,3,1,9,-1
766,3,1,9,9,-1
767,1,9,9,1,0
768,9,9,1,3,-1
769,9,1,3,8,0
770,1,3,8,8,1
771,3,8,8,3,-1
772,8,8,3,9,-1
773,8,3,9,8,-1
774,3,9,8,7,0
775,9,8,7,1,-1
776,8,7,1,2,1
777,7,1,2,7,0
778,1,2,7,3,1
779,2,7,3,1,0
780,7,3,1,3,1
781,3,1,3,2,-1
782,1,3,2,0,-1
783,3,2,0,9,1
784,2,0,9,8,0
785,0,9,8,1,0
786,9,8,1,9,-1
787,8,1,9,5,-1
788,1,9,5,4,-1
789,9,5,4,4,1
790,5,4,4,4,-1
791,4,4,4,4,-1
792,4,4,4,2,1
793,4,4,2,1,0
794,4,2,1,3,0
795,2,1,3,1,-1
796,1,3,1,2,1
797,3,1,2,2,1
798,1,2,2,9,1
799,2,2,9,2,1
800,2,9,2,8,-1
801,9,2,8,3,1
802,2,8,3,3,0
803,8,3,3,5,-1
804,3,3,5,9,-1
805,3,5,9,4,-1
806,5,9,4,6,0
807,9,4,6,5,-1
808,4,6,5,2,1
809,6,5,2,3,1
810,5,2,3,3,1
811,2,3,3,0,-1
812,3,3,0,9,-1
813,3,0,9,9,-1
814,0,9,9,4,1
815,9,9,4,2,1
816,9,4,2,3,1
817,4,2,3,2,0
818,2,3,2,9,1
819,3,2,9,3,1
820,2,9,3,0,-1
821,9,3,0,2,1
822,3,0,2,9,1
823,0,2,9,8,0
824,2,9,8,9,1
825,9,8,9,3,1
826,8,9,3,3,1
827,9,3,3,2,1
828,3,3,2,1,0
829,3,2,1,2,1
830,2,1,2,2,1
831,1,2,2,2,0
832,2,2,2,3,1
833,2,2,3,4,1
834,2,3,4,0,0
835,3,4,0,7,0
836,4,0,7,7,0
837,0,7,7,5,-1
838,7,7,5,5,-1
839,7,5,5,0,-1
840,5,5,0,0,-1
841,5,0,0,1,0
842,0,0,1,6,-1
843,0,1,6,4,0
844,1,6,4,2,1
845,6,4,2,6,-1
846,4,2,6,2,1
847,2,6,2,1,0
848,6,2,1,3,1
849,2,1,3,9,1
850,1,3,9,2,1
851,3,9,2,3,1
852,9,2,3,3,1
853,2,3,3,2,1
854,3,3,2,2,-1
855,3,2,2,1,-1
856,2,2,1,3,1
857,2,1,3,8,-1
858,1,3,8,7,0
859,3,8,7,2,1
860,8,7,2,3,-1
861,7,2,3,9,0
862,2,3,9,2,-1
863,3,9,2,2,0
864,9,2,2,9,1
865,2,2,9,0,-1
866,2,9,0,5,-1
867,9,0,5,6,-1
868,0,5,6,8,1
869,5,6,8,3,1
870,6,8,3,3,0
871,8,3,3,3,1
872,3,3,3,6,0
873,3,3,6,0,-1
874,3,6,0,6,0
875,6,0,6,7,-1
876,0,6,7,9,1
877,6,7,9,3,1
878,7,9,3,2,-1
879,9,3,2,5,0
880,3,2,5,0,-1
881,2,5,0,0,-1
882,5,0,0,3,-1
883,0,0,3,1,0
884,0,3,1,1,-1
885,3,1,1,1,0
886,1,1,1,9,-1
887,1,1,9,1,0
888,1,9,1,8,0
889,9,1,8,3,1
890,1,8,3,9,1
891,8,3,9,4,1
892,3,9,4,2,1
893,9,4,2,2,1
894,4,2,2,8,1
895,2,2,8,4,-1
896,2,8,4,9,1
897,8,4,9,9,1
898,4,9,9,0,-1
899,9,9,0,9,1
900,9,0,9,1,0
901,0,9,1,7,-1
902,9,1,7,5,-1
903,1,7,5,2,1
904,7,5,2,9,-1
905,5,2,9,8,-1
906,2,9,8,8,0
907,9,8,8,4,-1
908,8,8,4,2,1
909,8,4,2,9,1
910,4,2,9,1,1
911,2,9,1,9,1
912,9,1,9,7,1
913,1,9,7,5,1
914,9,7,5,4,-1
915,7,5,4,2,1
916,5,4,2,4,1
917,4,2,4,2,0
918,2,4,2,6,-1
919,4,2,6,4,-1
920,2,6,4,2,1
921,6,4,2,4,-1
922,4,2,4,4,-1
923,2,4,4,2,1
924,4,4,2,2,1
925,4,2,2,5,-1
926,2,2,5,2,-1
927,2,5,2,1,0
928,5,2,1,6,-1
929,2,1,6,0,-1
930,1,6,0,9,1
931,6,0,9,4,1
932,0,9,4,3,-1
933,9,4,3,3,1
934,4,3,3,3,1
935,3,3,3,1,0
936,3,3,1,3,0
937,3,1,3,4,-1
938,1,3,4,6,-1
939,3,4,6,7,-1
940,4,6,7,3,-1
941,6,7,3,7,0
942,7,3,7,8,1
943,3,7,8,1,0
944,7,8,1,8,0
945,8,1,8,4,-1
946,1,8,4,1,0
947,8,4,1,2,1
948,4,1,2,7,0
949,1,2,7,2,1
950,2,7,2,6,-1
951,7,2,6,0,-1
952,2,6,0,4,-1
953,6,0,4,4,1
954,0,4,4,9,-1
955,4,4,9,3,1
956,4,9,3,8,0
957,9,3,8,9,1
958,3,8,9,7,0
959,8,9,7,6,-1
960,9,7,6,5,-1
961,7,6,5,7,0
962,6,5,7,0,1
963,5,7,0,1,0
964,7,0,1,3,1
965,0,1,3,3,1
966,1,3,3,2,0
967,3,3,2,1,0
968,3,2,1,1,0
969,2,1,1,2,1
970,1,1,2,0,-1
971,1,2,0,3,-1
972,2,0,3,1,0
973,0,3,1,3,1
974,3,1,3,5,-1
975,1,3,5,4,-1
976,3,5,4,5,-1
977,5,4,5,8,1
978,4,5,8,8,0
979,5,8,8,9,1
980,8,8,9,6,-1
981,8,9,6,5,-1
982,9,6,5,3,-1
983,6,5,3,8,1
984,5,3,8,1,1
985,3,8,1,3,-1
986,8,1,3,6,0
987,1,3,6,2,-1
988,3,6,2,2,0
989,6,2,2,6,-1
990,2,2,6,3,-1
991,2,6,3,9,1
992,6,3,9,1,0
993,3,9,1,9,1
994,9,1,9,1,0
995,1,9,1,6,-1
996,9,1,6,3,-1
997,1,6,3,9,1
998,6,3,9,9,1
999,3,9,9,2,0
1000,9,9,2,9,1
1001,9,2,9,8,1
1002,2,9,8,9,1
1003,9,8,9,4,-1
1004,8,9,4,8,1
1005,9,4,8,7,0
1006,4,8,7,9,-1
1007,8,7,9,2,-1
1008,7,9,2,2,-1
1009,9,2,2,3,0
1010,2,2,3,4,0
1011,2,3,4,8,0
1012,3,4,8,7,0
1013,4,8,7,0,-1
1014,8,7,0,7,1
1015,7,0,7,1,0
1016,0,7,1,8,0
1017,7,1,8,9,0
1018,1,8,9,1,1
1019,8,9,1,6,-1
1020,9,1,6,2,1
1021,1,6,2,2,1
1022,6,2,2,8,1
1023,2,2,8,7,0
1024,2,8,7,1,0
1025,8,7,1,4,1
1026,7,1,4,9,1
1027,1,4,9,1,0
1028,4,9,1,6,-1
1029,9,1,6,9,-1
1030,1,6,9,1,0
1031,6,9,1,7,0
1032,9,1,7,2,0
1033,1,7,2,1,0
1034,7,2,1,2,-1
1035,2,1,2,7,0
1036,1,2,7,5,-1
1037,2,7,5,7,-1
1038,7,5,7,2,-1
1039,5,7,2,1,-1
1040,7,2,1,8,1
1041,2,1,8,7,0
1042,1,8,7,9,1
1043,8,7,9,1,-1
1044,7,9,1,1,-1
1045,9,1,1,3,1
1046,1,1,3,0,-1
1047,1,3,0,6,-1
1048,3,0,6,5,1
1049,0,6,5,1,-1
1050,6,5,1,2,1
1051,5,1,2,8,-1
1052,1,2,8,5,1
1053,2,8,5,8,0
1054,8,5,8,6,0
1055,5,8,6,8,-1
1056,8,6,8,8,1
1057,6,8,8,4,-1
1058,8,8,4,5,1
1059,8,4,5,5,-1
1060,4,5,5,9,1
1061,5,5,9,9,-1
1062,5,9,9,2,1
1063,9,9,2,5,0
1064,9,2,5,7,0
1065,2,5,7,6,-1
1066,5,7,6,3,1
1067,7,6,3,1,0
1068,6,3,1,8,0
1069,3,1,8,8,0
1070,1,8,8,9,1
1071,8,8,9,9,0
1072,8,9,9,9,1
1073,9,9,9,9,-1
1074,9,9,9,8,1
1075,9,9,8,4,-1
1076,9,8,4,6,-1
1077,8,4,6,5,-1
1078,4,6,5,8,1
1079,6,5,8,3,1
1080,5,8,3,4,-1
1081,8,3,4,7,0
1082,3,4,7,8,1
1083,4,7,8,8,1
1084,7,8,8,0,-1
1085,8,8,0,4,-1
1086,8,0,4,3,1
1087,0,4,3,5,-1
1088,4,3,5,8,0
1089,3,5,8,2,1
1090,5,8,2,7,0
1091,8,2,7,8,1
1092,2,7,8,9,1
1093,7,8,9,3,-1
1094,8,9,3,7,0
1095,9,3,7,7,0
1096,3,7,7,1,0
1097,7,7,1,8,1
1098,7,1,8,6,-1
1099,1,8,6,7,0
1100,8,6,7,3,1
1101,6,7,3,2,1
1102,7,3,2,2,1
1103,3,2,2,2,1
1104,2,2,2,6,0
1105,2,2,6,3,1
1106,2,6,3,8,0
1107,6,3,8,6,0
1108,3,8,6,4,-1
1109,8,6,4,0,0
1110,6,4,0,6,-1
1111,4,0,6,3,1
1112,0,6,3,2,-1
1113,6,3,2,1,0
1114,3,2,1,7,1
1115,2,1,7,6,-1
1116,1,7,6,8,1
1117,7,6,8,9,1
1118,6,8,9,9,1
1119,8,9,9,8,0
1120,9,9,8,9,-1
1121,9,8,9,1,0
1122,8,9,1,5,-1
1123,9,1,5,0,0
1124,1,5,0,3,1
1125,5,0,3,7,-1
1126,0,3,7,9,-1
1127,3,7,9,8,1
1128,7,9,8,4,-1
1129,9,8,4,1,0
1130,8,4,1,2,1
1131,4,1,2,4,-1
1132,1,2,4,7,0
1133,2,4,7,9,0
1134,4,7,9,2,1
1135,7,9,2,2,1
1136,9,2,2,5,-1
1137,2,2,5,7,-1
1138,2,5,7,2,1
1139,5,7,2,2,1
1140,7,2,2,3,1
1141,2,2,3,7,0
1142,2,3,7,1,1
1143,3,7,1,6,-1
1144,7,1,6,7,0
1145,1,6,7,2,-1
1146,6,7,2,3,1
1147,7,2,3,7,0
1148,2,3,7,1,0
1149,3,7,1,4,-1
1150,7,1,4,5,-1
1151,1,4,5,1,0
1152,4,5,1,3,1
1153,5,1,3,3,1
1154,1,3,3,3,1
1155,3,3,3,6,-1
1156,3,3,6,7,0
1157,3,6,7,9,1
1158,6,7,9,2,0
1159,7,9,2,9,1
1160,9,2,9,7,0
1161,2,9,7,0,1
1162,9,7,0,7,0
1163,7,0,7,1,1
1164,0,7,1,9,1
1165,7,1,9,8,0
1166,1,9,8,9,1
1167,9,8,9,3,1
1168,8,9,3,3,-1
1169,9,3,3,5,-1
1170,3,3,5,3,1
1171,3,5,3,8,0
1172,5,3,8,3,1
1173,3,8,3,9,-1
1174,8,3,9,5,-1
1175,3,9,5,8,1
1176,9,5,8,3,-1
1177,5,8,3,8,1
1178,8,3,8,1,0
1179,3,8,1,1,0
1180,8,1,1,0,-1
1181,1,1,0,2,1
1182,1,0,2,8,1
1183,0,2,8,3,1
1184,2,8,3,9,1
1185,8,3,9,9,1
1186,3,9,9,7,1
1187,9,9,7,0,0
1188,9,7,0,3,1
1189,7,0,3,3,1
1190,0,3,3,5,-1
1191,3,3,5,3,1
1192,3,5,3,2,-1
1193,5,3,2,1,1
1194,3,2,1,1,0
1195,2,1,1,0,-1
1196,1,1,0,2,1
1197,1,0,2,0,0
1198,0,2,0,0,-1
1199,2,0,0,3,0
1200,0,0,3,8,-1
1201,0,3,8,0,0
1202,3,8,0,7,0
1203,8,0,7,3,-1
1204,0,7,3,3,-1
1205,7,3,3,3,1
1206,3,3,3,2,1
1207,3,3,2,9,1
1208,3,2,9,7,0
1209,2,9,7,2,1
1210,9,7,2,8,0
1211,7,2,8,1,0
1212,2,8,1,5,-1
1213,8,1,5,0,0
1214,1,5,0,7,0
1215,5,0,7,1,-1
1216,0,7,1,1,0
1217,7,1,1,2,1
1218,1,1,2,1,0
1219,1,2,1,1,0
1220,2,1,1,4,-1
1221,1,1,4,8,1
1222,1,4,8,4,-1
1223,4,8,4,8,1
1224,8,4,8,9,1
1225,4,8,9,4,-1
1226,8,9,4,7,0
1227,9,4,7,8,-1
1228,4,7,8,9,-1
1229,7,8,9,9,0
1230,8,9,9,8,0
1231,9,9,8,6,0
1232,9,8,6,6,0
1233,8,6,6,7,0
1234,6,6,7,3,1
1235,6,7,3,9,1
1236,7,3,9,3,1
1237,3,9,3,1,0
1238,9,3,1,4,-1
1239,3,1,4,0,-1
1240,1,4,0,9,0
1241,4,0,9,8,-1
1242,0,9,8,0,-1
1243,9,8,0,9,1
1244,8,0,9,8,1
1245,0,9,8,7,-1
1246,9,8,7,2,1
1247,8,7,2,9,1
1248,7,2,9,0,0
1249,2,9,0,9,1
1250,9,0,9,0,0
1251,0,9,0,8,0
1252,9,0,8,4,1
1253,0,8,4,9,1
1254,8,4,9,0,1
1255,4,9,0,1,0
1256,9,0,1,7,-1
1257,0,1,7,1,-1
1258,1,7,1,6,-1
1259,7,1,6,4,1
1260,1,6,4,0,-1
1261,6,4,0,8,-1
1262,4,0,8,0,-1
1263,0,8,0,7,0
1264,8,0,7,4,-1
1265,0,7,4,8,1
1266,7,4,8,9,1
1267,4,8,9,4,1
1268,8,9,4,7,0
1269,9,4,7,2,-1
1270,4,7,2,8,1
1271,7,2,8,0,-1
1272,2,8,0,9,1
1273,8,0,9,5,-1
1274,0,9,5,6,-1
1275,9,5,6,6,-1
1276,5,6,6,7,0
1277,6,6,7,1,0
1278,6,7,1,9,0
1279,7,1,9,8,0
1280,1,9,8,2,1
1281,9,8,2,4,-1
1282,8,2,4,0,-1
1283,2,4,0,9,1
1284,4,0,9,1,1
1285,0,9,1,9,-1
1286,9,1,9,6,-1
1287,1,9,6,0,0
1288,9,6,0,1,0
1289,6,0,1,0,-1
1290,0,1,0,4,-1
1291,1,0,4,1,0
1292,0,4,1,2,1
1293,4,1,2,8,-1
1294,1,2,8,7,-1
1295,2,8,7,4,1
1296,8,7,4,9,1
1297,7,4,9,1,0
1298,4,9,1,7,0
1299,9,1,7,7,-1
1300,1,7,7,1,0
1301,7,7,1,0,-1
1302,7,1,0,9,-1
1303,1,0,9,3,1
1304,0,9,3,8,1
1305,9,3,8,2,0
1306,3,8,2,2,0
1307,8,2,2,3,-1
1308,2,2,3,2,1
1309,2,3,2,4,-1
1310,3,2,4,2,-1
1311,2,4,2,5,-1
1312,4,2,5,3,1
1313,2,5,3,9,1
1314,5,3,9,7,1
1315,3,9,7,3,1
1316,9,7,3,9,1
1317,7,3,9,6,-1
1318,3,9,6,9,1
1319,9,6,9,2,0
1320,6,9,2,2,1
1321,9,2,2,3,1
1322,2,2,3,1,0
1323,2,3,1,8,0
1324,3,1,8,0,-1
1325,1,8,0,2,1
1326,8,0,2,3,1
1327,0,2,3,9,1
1328,2,3,9,3,1
1329,3,9,3,7,0
1330,9,3,7,0,-1
1331,3,7,0,2,0
1332,7,0,2,9,-1
1333,0,2,9,4,1
1334,2,9,4,9,1
1335,9,4,9,3,1
1336,4,9,3,3,1
1337,9,3,3,8,-1
1338,3,3,8,9,1
1339,3,8,9,2,1
1340,8,9,2,2,-1
1341,9,2,2,4,1
1342,2,2,4,3,1
1343,2,4,3,5,1
1344,4,3,5,3,-1
1345,3,5,3,3,1
1346,5,3,3,2,1
1347,3,3,2,8,0
1348,3,2,8,5,0
1349,2,8,5,4,-1
1350,8,5,4,2,1
1351,5,4,2,6,-1
1352,4,2,6,8,1
1353,2,6,8,8,1
1354,6,8,8,3,1
1355,8,8,3,9,1
1356,8,3,9,3,1
1357,3,9,3,1,0
1358,9,3,1,2,-1
1359,3,1,2,5,-1
1360,1,2,5,1,0
1361,2,5,1,9,1
1362,5,1,9,0,-1
1363,1,9,0,2,1
1364,9,0,2,2,-1
1365,0,2,2,1,0
1366,2,2,1,8,1
1367,2,1,8,9,1
1368,1,8,9,9,1
1369,8,9,9,7,0
1370,9,9,7,1,-1
1371,9,7,1,2,1
1372,7,1,2,3,1
1373,1,2,3,8,1
1374,2,3,8,9,-1
1375,3,8,9,3,1
1376,8,9,3,2,1
1377,9,3,2,6,-1
1378,3,2,6,7,0
1379,2,6,7,7,0
1380,6,7,7,1,0
1381,7,7,1,1,0
1382,7,1,1,2,1
1383,1,1,2,5,0
1384,1,2,5,9,0
1385,2,5,9,4,-1
1386,5,9,4,8,1
1387,9,4,8,9,1
1388,4,8,9,5,1
1389,8,9,5,9,1
1390,9,5,9,8,1
1391,5,9,8,9,1
1392,9,8,9,5,-1
1393,8,9,5,9,1
1394,9,5,9,3,1
1395,5,9,3,8,1
1396,9,3,8,3,1
1397,3,8,3,2,-1
1398,8,3,2,9,0
1399,3,2,9,9,1
1400,2,9,9,9,0
1401,9,9,9,9,1
1402,9,9,9,5,-1
1403,9,9,5,8,0
1404,9,5,8,8,1
1405,5,8,8,5,-1
1406,8,8,5,3,1
1407,8,5,3,5,-1
1408,5,3,5,3,1
1409,3,5,3,1,0
1410,5,3,1,3,0
1411,3,1,3,7,0
1412,1,3,7,9,1
1413,3,7,9,7,0
1414,7,9,7,9,-1
1415,9,7,9,6,-1
1416,7,9,6,2,1
1417,9,6,2,7,-1
1418,6,2,7,3,1
1419,2,7,3,6,1
1420,7,3,6,9,1
1421,3,6,9,8,0
1422,6,9,8,2,1
1423,9,8,2,3,1
1424,8,2,3,2,1
1425,2,3,2,5,1
1426,3,2,5,9,1
1427,2,5,9,6,0
1428,5,9,6,8,1
1429,9,6,8,3,-1
1430,6,8,3,9,1
1431,8,3,9,4,-1
1432,3,9,4,3,-1
1433,9,4,3,3,-1
1434,4,3,3,5,-1
1435,3,3,5,6,-1
1436,3,5,6,2,1
1437,5,6,2,3,0
1438,6,2,3,1,0
1439,2,3,1,3,1
1440,3,1,3,0,1
1441,1,3,0,7,0
1442,3,0,7,8,1
1443,0,7,8,7,0
1444,7,8,7,3,1
1445,8,7,3,2,0
1446,7,3,2,4,-1
1447,3,2,4,1,0
1448,2,4,1,3,1
1449,4,1,3,9,1
1450,1,3,9,9,1
1451,3,9,9,2,0
1452,9,9,2,2,1
1453,9,2,2,8,1
1454,2,2,8,3,1
1455,2,8,3,1,-1
1456,8,3,1,3,1
1457,3,1,3,5,1
1458,1,3,5,9,1
1459,3,5,9,0,-1
1460,5,9,0,7,1
1461,9,0,7,4,-1
1462,0,7,4,7,-1
1463,7,4,7,2,1
1464,4,7,2,7,1
1465,7,2,7,8,0
1466,2,7,8,4,-1
1467,7,8,4,2,1
1468,8,4,2,7,0
1469,4,2,7,3,-1
1470,2,7,3,9,1
1471,7,3,9,1,0
1472,3,9,1,6,-1
1473,9,1,6,0,-1
1474,1,6,0,0,-1
1475,6,0,0,4,1
1476,0,0,4,2,1
1477,0,4,2,7,0
1478,4,2,7,8,0
1479,2,7,8,4,-1
1480,7,8,4,2,1
1481,8,4,2,9,-1
1482,4,2,9,1,-1
1483,2,9,1,4,1
1484,9,1,4,3,1
1485,1,4,3,7,-1
1486,4,3,7,2,1
1487,3,7,2,0,-1
1488,7,2,0,9,1
1489,2,0,9,1,0
1490,0,9,1,6,-1
1491,9,1,6,2,0
1492,1,6,2,9,1
1493,6,2,9,2,1
1494,2,9,2,6,-1
1495,9,2,6,9,1
1496,2,6,9,8,1
1497,6,9,8,1,0
1498,9,8,1,0,-1
1499,8,1,0,2,1
1500,1,0,2,1,0
1501,0,2,1,1,0
1502,2,1,1,3,1
1503,1,1,3,4,-1
1504,1,3,4,1,0
1505,3,4,1,9,1
1506,4,1,9,8,1
1507,1,9,8,5,-1
1508,9,8,5,4,0
1509,8,5,4,0,-1
1510,5,4,0,2,1
1511,4,0,2,0,-1
1512,0,2,0,3,1
1513,2,0,3,3,0
1514,0,3,3,3,1
1515,3,3,3,3,0
1516,3,3,3,8,1
1517,3,3,8,2,1
1518,3,8,2,6,-1
1519,8,2,6,6,0
1520,2,6,6,2,1
1521,6,6,2,8,-1
1522,6,2,8,8,0
1523,2,8,8,7,-1
1524,8,8,7,3,1
1525,8,7,3,0,-1
1526,7,3,0,9,-1
1527,3,0,9,8,1
1528,0,9,8,2,-1
1529,9,8,2,5,1
1530,8,2,5,5,-1
1531,2,5,5,8,1
1532,5,5,8,9,0
1533,5,8,9,9,-1
1534,8,9,9,2,1
1535,9,9,2,2,0
1536,9,2,2,9,0
1537,2,2,9,3,0
1538,2,9,3,8,0
1539,9,3,8,8,0
1540,3,8,8,5,-1
1541,8,8,5,1,0
1542,8,5,1,4,-1
1543,5,1,4,9,1
1544,1,4,9,1,0
1545,4,9,1,7,0
1546,9,1,7,1,0
1547,1,7,1,9,1
1548,7,1,9,9,1
1549,1,9,9,3,1
1550,9,9,3,3,0
1551,9,3,3,1,0
1552,3,3,1,5,-1
1553,3,1,5,8,1
1554,1,5,8,2,1
1555,5,8,2,0,1
1556,8,2,0,5,0
1557,2,0,5,9,1
1558,0,5,9,9,0
1559,5,9,9,2,1
1560,9,9,2,3,1
1561,9,2,3,4,1
1562,2,3,4,7,-1
1563,3,4,7,0,1
1564,4,7,0,1,-1
1565,7,0,1,5,-1
1566,0,1,5,2,0
1567,1,5,2,6,-1
1568,5,2,6,2,1
1569,2,6,2,0,-1
1570,6,2,0,3,-1
1571,2,0,3,5,-1
1572,0,3,5,9,1
1573,3,5,9,1,0
1574,5,9,1,7,0
1575,9,1,7,1,0
1576,1,7,1,8,1
1577,7,1,8,0,-1
1578,1,8,0,0,-1
1579,8,0,0,3,1
1580,0,0,3,1,-1
1581,0,3,1,9,1
1582,3,1,9,9,1
1583,1,9,9,3,1
1584,9,9,3,2,0
1585,9,3,2,1,0
1586,3,2,1,1,0
1587,2,1,1,9,1
1588,1,1,9,2,1
1589,1,9,2,9,1
1590,9,2,9,4,-1
1591,2,9,4,6,-1
1592,9,4,6,1,0
1593,4,6,1,4,-1
1594,6,1,4,2,0
1595,1,4,2,9,1
1596,4,2,9,1,0
1597,2,9,1,9,1
1598,9,1,9,1,1
1599,1,9,1,6,-1
1600,9,1,6,3,-1
1601,1,6,3,8,1
1602,6,3,8,1,-1
1603,3,8,1,9,1
1604,8,1,9,1,0
1605,1,9,1,9,1
1606,9,1,9,1,-1
1607,1,9,1,0,-1
1608,9,1,0,2,1
1609,1,0,2,9,1
1610,0,2,9,6,0
1611,2,9,6,6,1
1612,9,6,6,9,1
1613,6,6,9,2,-1
1614,6,9,2,3,1
1615,9,2,3,2,1
1616,2,3,2,9,1
1617,3,2,9,1,0
1618,2,9,1,2,1
1619,9,1,2,5,-1
1620,1,2,5,3,1
1621,2,5,3,8,1
1622,5,3,8,3,0
1623,3,8,3,7,0
1624,8,3,7,7,0
1625,3,7,7,7,-1
1626,7,7,7,8,1
1627,7,7,8,4,-1
1628,7,8,4,9,1
1629,8,4,9,7,-1
1630,4,9,7,3,0
1631,9,7,3,4,-1
1632,7,3,4,5,0
1633,3,4,5,9,1
1634,4,5,9,2,1
1635,5,9,2,1,-1
1636,9,2,1,3,1
1637,2,1,3,7,0
1638,1,3,7,9,1
1639,3,7,9,6,1
1640,7,9,6,8,1
1641,9,6,8,6,-1
1642,6,8,6,8,0
1643,8,6,8,7,-1
1644,6,8,7,7,-1
1645,8,7,7,1,0
1646,7,7,1,0,-1
1647,7,1,0,4,-1
1648,1,0,4,2,1
1649,0,4,2,4,-1
1650,4,2,4,4,-1
1651,2,4,4,9,1
1652,4,4,9,6,1
1653,4,9,6,4,-1
1654,9,6,4,4,-1
1655,6,4,4,0,-1
1656,4,4,0,2,1
1657,4,0,2,9,1
1658,0,2,9,0,-1
1659,2,9,0,8,1
1660,9,0,8,0,-1
1661,0,8,0,4,-1
1662,8,0,4,3,1
1663,0,4,3,9,-1
1664,4,3,9,0,-1
1665,3,9,0,8,1
1666,9,0,8,3,1
1667,0,8,3,9,1
1668,8,3,9,1,0
1669,3,9,1,1,-1
1670,9,1,1,8,0
1671,1,1,8,6,-1
1672,1,8,6,7,0
1673,8,6,7,3,1
1674,6,7,3,2,1
1675,7,3,2,3,1
1676,3,2,3,9,1
1677,2,3,9,9,0
1678,3,9,9,2,1
1679,9,9,2,5,-1
1680,9,2,5,4,-1
1681,2,5,4,3,-1
1682,5,4,3,1,0
1683,4,3,1,6,-1
1684,3,1,6,8,1
1685,1,6,8,3,1
1686,6,8,3,4,1
1687,8,3,4,8,1
1688,3,4,8,8,0
1689,4,8,8,4,-1
1690,8,8,4,9,-1
1691,8,4,9,0,-1
1692,4,9,0,5,-1
1693,9,0,5,2,1
1694,0,5,2,3,1
1695,5,2,3,8,1
1696,2,3,8,8,1
1697,3,8,8,2,-1
1698,8,8,2,9,1
1699,8,2,9,7,-1
1700,2,9,7,2,1
1701,9,7,2,8,1
1702,7,2,8,6,-1
1703,2,8,6,2,0
1704,8,6,2,7,0
1705,6,2,7,9,1
1706,2,7,9,3,1
1707,7,9,3,4,-1
1708,9,3,4,8,1
1709,3,4,8,2,1
1710,4,8,2,7,0
1711,8,2,7,1,0
1712,2,7,1,8,1
1713,7,1,8,8,1
1714,1,8,8,3,1
1715,8,8,3,0,1
1716,8,3,0,3,1
1717,3,0,3,3,1
1718,0,3,3,7,0
1719,3,3,7,2,1
1720,3,7,2,6,-1
1721,7,2,6,7,0
1722,2,6,7,3,-1
1723,6,7,3,1,0
1724,7,3,1,8,1
1725,3,1,8,3,1
1726,1,8,3,9,1
1727,8,3,9,2,1
1728,3,9,2,9,1
1729,9,2,9,7,0
1730,2,9,7,2,1
1731,9,7,2,6,1
1732,7,2,6,4,-1
1733,2,6,4,3,1
1734,6,4,3,3,-1
1735,4,3,3,1,0
1736,3,3,1,8,1
1737,3,1,8,5,-1
1738,1,8,5,3,1
1739,8,5,3,8,0
1740,5,3,8,1,0
1741,3,8,1,6,-1
1742,8,1,6,9,0
1743,1,6,9,3,1
1744,6,9,3,7,0
1745,9,3,7,3,1
1746,3,7,3,7,-1
1747,7,3,7,3,-1
1748,3,7,3,5,-1
1749,7,3,5,1,0
1750,3,5,1,9,1
1751,5,1,9,1,0
1752,1,9,1,9,1
1753,9,1,9,2,1
1754,1,9,2,9,-1
1755,9,2,9,3,-1
1756,2,9,3,9,1
1757,9,3,9,9,0
1758,3,9,9,4,-1
1759,9,9,4,2,1
1760,9,4,2,6,0
1761,4,2,6,7,0
1762,2,6,7,8,1
1763,6,7,8,4,1
1764,7,8,4,3,0
1765,8,4,3,8,1
1766,4,3,8,9,1
1767,3,8,9,5,1
1768,8,9,5,8,0
1769,9,5,8,8,1
1770,5,8,8,3,1
1771,8,8,3,8,-1
1772,8,3,8,3,1
1773,3,8,3,9,1
1774,8,3,9,5,-1
1775,3,9,5,4,-1
1776,9,5,4,9,1
1777,5,4,9,5,1
1778,4,9,5,9,-1
1779,9,5,9,9,-1
1780,5,9,9,2,-1
1781,9,9,2,0,-1
1782,9,2,0,5,-1
1783,2,0,5,3,1
1784,0,5,3,9,1
1785,5,3,9,1,0
1786,3,9,1,1,0
1787,9,1,1,7,0
1788,1,1,7,1,-1
1789,1,7,1,3,1
1790,7,1,3,7,0
1791,1,3,7,3,1
1792,3,7,3,4,-1
1793,7,3,4,7,-1
1794,3,4,7,9,1
1795,4,7,9,3,1
1796,7,9,3,4,0
1797,9,3,4,9,-1
1798,3,4,9,5,-1
1799,4,9,5,4,1
1800,9,5,4,2,1
1801,5,4,2,8,1
1802,4,2,8,9,1
1803,2,8,9,4,-1
1804,8,9,4,4,-1
1805,9,4,4,4,1
1806,4,4,4,7,0
1807,4,4,7,3,-1
1808,4,7,3,3,1
1809,7,3,3,3,0
1810,3,3,3,7,-1
1811,3,3,7,8,1
1812,3,7,8,5,-1
1813,7,8,5,4,1
1814,8,5,4,2,1
1815,5,4,2,8,1
1816,4,2,8,9,1
1817,2,8,9,9,1
1818,8,9,9,5,0
1819,9,9,5,4,1
1820,9,5,4,1,1
1821,5,4,1,9,-1
1822,4,1,9,8,1
1823,1,9,8,8,1
1824,9,8,8,4,-1
1825,8,8,4,5,-1
1826,8,4,5,9,1
1827,4,5,9,6,-1
1828,5,9,6,7,0
1829,9,6,7,4,-1
1830,6,7,4,4,-1
1831,7,4,4,8,-1
1832,4,4,8,0,-1
1833,4,8,0,7,0
1834,8,0,7,4,-1
1835,0,7,4,7,0
1836,7,4,7,7,-1
1837,4,7,7,8,1
1838,7,7,8,0,-1
1839,7,8,0,1,0
1840,8,0,1,5,-1
1841,0,1,5,0,0
1842,1,5,0,5,-1
1843,5,0,5,7,0
1844,0,5,7,3,1
1845,5,7,3,9,1
1846,7,3,9,1,0
1847,3,9,1,2,1
1848,9,1,2,1,0
1849,1,2,1,2,1
1850,2,1,2,3,-1
1851,1,2,3,8,1
1852,2,3,8,3,1
1853,3,8,3,3,1
1854,8,3,3,5,-1
1855,3,3,5,2,1
1856,3,5,2,9,1
1857,5,2,9,5,-1
1858,2,9,5,9,1
1859,9,5,9,5,-1
1860,5,9,5,8,1
1861,9,5,8,3,1
1862,5,8,3,5,-1
1863,8,3,5,6,-1
1864,3,5,6,7,0
1865,5,6,7,1,-1
1866,6,7,1,5,-1
1867,7,1,5,3,0
1868,1,5,3,1,-1
1869,5,3,1,8,0
1870,3,1,8,4,0
1871,1,8,4,3,1
1872,8,4,3,9,1
1873,4,3,9,1,0
1874,3,9,1,4,-1
1875,9,1,4,8,1
1876,1,4,8,4,-1
1877,4,8,4,1,1
1878,8,4,1,3,1
1879,4,1,3,2,0
1880,1,3,2,0,-1
1881,3,2,0,2,1
1882,2,0,2,1,0
1883,0,2,1,3,-1
1884,2,1,3,4,1
1885,1,3,4,0,-1
1886,3,4,0,2,-1
1887,4,0,2,9,-1
1888,0,2,9,8,0
1889,2,9,8,5,-1
1890,9,8,5,1,0
1891,8,5,1,4,-1
1892,5,1,4,8,-1
1893,1,4,8,7,0
1894,4,8,7,6,1
1895,8,7,6,3,0
1896,7,6,3,3,1
1897,6,3,3,3,1
1898,3,3,3,2,1
1899,3,3,2,6,1
1900,3,2,6,7,0
1901,2,6,7,2,1
1902,6,7,2,9,1
1903,7,2,9,3,1
1904,2,9,3,1,-1
1905,9,3,1,7,-1
1906,3,1,7,2,-1
1907,1,7,2,9,-1
1908,7,2,9,4,-1
1909,2,9,4,3,1
1910,9,4,3,9,-1
1911,4,3,9,6,1
1912,3,9,6,8,0
1913,9,6,8,3,0
1914,6,8,3,9,1
1915,8,3,9,0,-1
1916,3,9,0,3,-1
1917,9,0,3,1,0
1918,0,3,1,9,1
1919,3,1,9,8,1
1920,1,9,8,3,-1
1921,9,8,3,8,1
1922,8,3,8,8,1
1923,3,8,8,3,1
1924,8,8,3,4,-1
1925,8,3,4,6,-1
1926,3,4,6,3,-1
1927,4,6,3,9,1
1928,6,3,9,5,0
1929,3,9,5,7,0
1930,9,5,7,5,-1
1931,5,7,5,5,-1
1932,7,5,5,7,0
1933,5,5,7,9,1
1934,5,7,9,3,1
1935,7,9,3,9,1
1936,9,3,9,8,-1
1937,3,9,8,1,-1
1938,9,8,1,4,-1
1939,8,1,4,0,0
1940,1,4,0,2,1
1941,4,0,2,1,0
1942,0,2,1,4,-1
1943,2,1,4,0,1
1944,1,4,0,8,1
1945,4,0,8,6,0
1946,0,8,6,4,-1
1947,8,6,4,7,0
1948,6,4,7,0,-1
1949,4,7,0,3,1
1950,7,0,3,7,-1
1951,0,3,7,2,0
1952,3,7,2,9,1
1953,7,2,9,1,0
1954,2,9,1,8,1
1955,9,1,8,0,-1
1956,1,8,0,1,0
1957,8,0,1,8,1
1958,0,1,8,1,0
1959,1,8,1,7,-1
1960,8,1,7,5,-1
1961,1,7,5,2,0
1962,7,5,2,2,0
1963,5,2,2,8,1
1964,2,2,8,3,1
1965,2,8,3,6,-1
1966,8,3,6,3,1
1967,3,6,3,9,1
1968,6,3,9,1,0
1969,3,9,1,4,-1
1970,9,1,4,8,1
1971,1,4,8,0,-1
1972,4,8,0,1,0
1973,8,0,1,1,0
1974,0,1,1,9,1
1975,1,1,9,9,1
1976,1,9,9,0,-1
1977,9,9,0,1,-1
1978,9,0,1,0,-1
1979,0,1,0,9,1
1980,1,0,9,2,1
1981,0,9,2,2,0
1982,9,2,2,8,1
1983,2,2,8,3,1
1984,2,8,3,8,1
1985,8,3,8,9,1
1986,3,8,9,0,-1
1987,8,9,0,9,1
1988,9,0,9,4,-1
1989,0,9,4,8,1
1990,9,4,8,9,-1
1991,4,8,9,2,1
1992,8,9,2,3,-1
1993,9,2,3,8,0
1994,2,3,8,4,1
1995,3,8,4,0,0
1996,8,4,0,0,-1
1997,4,0,0,7,-1
1998,0,0,7,5,-1
1999,0,7,5,0,0
2000,7,5,0,3,1
2001,5,0,3,1,0
2002,0,3,1,7,0
2003,3,1,7,2,1
2004,1,7,2,9,1
2005,7,2,9,5,-1
2006,2,9,5,8,1
2007,9,5,8,8,0
2008,5,8,8,3,1
2009,8,8,3,9,1
2010,8,3,9,8,-1
2011,3,9,8,3,1
2012,9,8,3,4,-1
2013,8,3,4,9,1
2014,3,4,9,8,1
2015,4,9,8,0,0
2016,9,8,0,3,1
2017,8,0,3,6,-1
2018,0,3,6,9,-1
2019,3,6,9,4,-1
2020,6,9,4,0,-1
2021,9,4,0,0,-1
2022,4,0,0,6,-1
2023,0,0,6,2,1
2024,0,6,2,7,1
2025,6,2,7,3,-1
2026,2,7,3,2,1
2027,7,3,2,3,1
2028,3,2,3,3,1
2029,2,3,3,9,1
2030,3,3,9,2,1
2031,3,9,2,2,0
2032,9,2,2,6,-1
2033,2,2,6,1,0
2034,2,6,1,5,-1
2035,6,1,5,8,1
2036,1,5,8,1,0
2037,5,8,1,3,-1
2038,8,1,3,2,1
2039,1,3,2,9,1
2040,3,2,9,1,-1
2041,2,9,1,8,0
2042,9,1,8,8,0
2043,1,8,8,9,1
2044,8,8,9,6,-1
2045,8,9,6,4,1
2046,9,6,4,3,-1
2047,6,4,3,8,0
2048,4,3,8,8,1
2049,3,8,8,3,-1
2050,8,8,3,2,1
2051,8,3,2,5,-1
2052,3,2,5,8,1
2053,2,5,8,3,1
2054,5,8,3,4,-1
2055,8,3,4,3,1
2056,3,4,3,9,1
2057,4,3,9,8,1
2058,3,9,8,7,0
2059,9,8,7,1,-1
2060,8,7,1,8,0
2061,7,1,8,4,-1
2062,1,8,4,2,0
2063,8,4,2,7,0
2064,4,2,7,9,-1
2065,2,7,9,7,0
2066,7,9,7,8,1
2067,9,7,8,8,-1
2068,7,8,8,1,0
2069,8,8,1,2,1
2070,8,1,2,5,1
2071,1,2,5,3,1
2072,2,5,3,4,-1
2073,5,3,4,9,1
2074,3,4,9,3,1
2075,4,9,3,7,0
2076,9,3,7,9,1
2077,3,7,9,9,1
2078,7,9,9,8,1
2079,9,9,8,7,0
2080,9,8,7,9,0
2081,8,7,9,6,-1
2082,7,9,6,0,-1
2083,9,6,0,8,1
2084,6,0,8,8,0
2085,0,8,8,3,1
2086,8,8,3,9,1
2087,8,3,9,0,-1
2088,3,9,0,2,1
2089,9,0,2,6,-1
2090,0,2,6,8,1
2091,2,6,8,3,1
2092,6,8,3,3,-1
2093,8,3,3,8,1
2094,3,3,8,3,-1
2095,3,8,3,2,1
2096,8,3,2,6,-1
2097,3,2,6,8,-1
2098,2,6,8,6,-1
2099,6,8,6,5,-1
2100,8,6,5,9,1
2101,6,5,9,2,0
2102,5,9,2,0,-1
2103,9,2,0,2,-1
2104,2,0,2,2,1
2105,0,2,2,2,0
2106,2,2,2,5,-1
2107,2,2,5,8,1
2108,2,5,8,5,-1
2109,5,8,5,7,0
2110,8,5,7,3,1
2111,5,7,3,9,1
2112,7,3,9,8,1
2113,3,9,8,7,0
2114,9,8,7,3,0
2115,8,7,3,5,-1
2116,7,3,5,9,1
2117,3,5,9,8,1
2118,5,9,8,2,1
2119,9,8,2,9,1
2120,8,2,9,9,1
2121,2,9,9,8,1
2122,9,9,8,4,1
2123,9,8,4,2,1
2124,8,4,2,0,-1
2125,4,2,0,2,1
2126,2,0,2,2,1
2127,0,2,2,5,0
2128,2,2,5,3,1
2129,2,5,3,2,1
2130,5,3,2,8,1
2131,3,2,8,9,1
2132,2,8,9,9,-1
2133,8,9,9,2,0
2134,9,9,2,8,1
2135,9,2,8,2,1
2136,2,8,2,2,0
2137,8,2,2,8,-1
2138,2,2,8,7,-1
2139,2,8,7,2,1
2140,8,7,2,2,0
2141,7,2,2,9,1
2142,2,2,9,3,1
2143,2,9,3,7,0
2144,9,3,7,8,1
2145,3,7,8,9,-1
2146,7,8,9,2,1
2147,8,9,2,3,1
2148,9,2,3,2,1
2149,2,3,2,5,1
2150,3,2,5,9,-1
2151,2,5,9,2,1
2152,5,9,2,2,0
2153,9,2,2,1,0
2154,2,2,1,2,1
2155,2,1,2,3,1
2156,1,2,3,3,1
2157,2,3,3,9,1
2158,3,3,9,8,0
2159,3,9,8,1,1
2160,9,8,1,0,0
2161,8,1,0,1,-1
2162,1,0,1,8,1
2163,0,1,8,2,0
2164,1,8,2,3,-1
2165,8,2,3,5,1
2166,2,3,5,0,-1
2167,3,5,0,5,-1
2168,5,0,5,2,1
2169,0,5,2,4,-1
2170,5,2,4,0,-1
2171,2,4,0,9,1
2172,4,0,9,0,-1
2173,0,9,0,9,1
2174,9,0,9,4,-1
2175,0,9,4,5,-1
2176,9,4,5,9,1
2177,4,5,9,3,1
2178,5,9,3,8,1
2179,9,3,8,8,-1
2180,3,8,8,0,-1
2181,8,8,0,3,1
2182,8,0,3,3,1
2183,0,3,3,2,0
2184,3,3,2,5,-1
2185,3,2,5,2,1
2186,2,5,2,7,-1
2187,5,2,7,0,-1
2188,2,7,0,9,-1
2189,7,0,9,3,1
2190,0,9,3,9,1
2191,9,3,9,0,-1
2192,3,9,0,5,-1
2193,9,0,5,4,-1
2194,0,5,4,4,-1
2195,5,4,4,2,1
2196,4,4,2,4,-1
2197,4,2,4,9,-1
2198,2,4,9,1,0
2199,4,9,1,2,-1
2200,9,1,2,2,1
2201,1,2,2,3,-1
2202,2,2,3,5,1
2203,2,3,5,6,-1
2204,3,5,6,9,1
2205,5,6,9,2,1
2206,6,9,2,9,1
2207,9,2,9,4,-1
2208,2,9,4,0,-1
2209,9,4,0,8,1
2210,4,0,8,0,-1
2211,0,8,0,1,0
2212,8,0,1,9,-1
2213,0,1,9,1,-1
2214,1,9,1,3,1
2215,9,1,3,5,-1
2216,1,3,5,7,0
2217,3,5,7,7,0
2218,5,7,7,3,1
2219,7,7,3,8,0
2220,7,3,8,7,0
2221,3,8,7,9,1
2222,8,7,9,9,-1
2223,7,9,9,2,1
2224,9,9,2,2,0
2225,9,2,2,1,-1
2226,2,2,1,7,0
2227,2,1,7,7,-1
2228,1,7,7,5,-1
2229,7,7,5,9,0
2230,7,5,9,9,0
2231,5,9,9,9,1
2232,9,9,9,1,0
2233,9,9,1,6,-1
2234,9,1,6,1,0
2235,1,6,1,7,0
2236,6,1,7,6,-1
2237,1,7,6,1,-1
2238,7,6,1,2,-1
2239,6,1,2,2,0
2240,1,2,2,3,1
2241,2,2,3,7,0
2242,2,3,7,2,-1
2243,3,7,2,5,1
2244,7,2,5,0,-1
2245,2,5,0,9,0
2246,5,0,9,7,0
2247,0,9,7,7,0
2248,9,7,7,8,1
2249,7,7,8,7,-1
2250,7,8,7,2,0
2251,8,7,2,1,-1
2252,7,2,1,8,1
2253,2,1,8,6,0
2254,1,8,6,2,0
2255,8,6,2,6,-1
2256,6,2,6,1,0
2257,2,6,1,7,0
2258,6,1,7,2,1
2259,1,7,2,5,0
2260,7,2,5,9,0
2261,2,5,9,1,0
2262,5,9,1,3,-1
2263,9,1,3,3,-1
2264,1,3,3,3,-1
2265,3,3,3,3,0
2266,3,3,3,1,0
2267,3,3,1,8,0
2268,3,1,8,7,-1
2269,1,8,7,6,-1
2270,8,7,6,5,0
2271,7,6,5,2,1
2272,6,5,2,6,-1
2273,5,2,6,0,-1
2274,2,6,0,0,-1
2275,6,0,0,4,-1
2276,0,0,4,0,-1
2277,0,4,0,6,-1
2278,4,0,6,3,-1
2279,0,6,3,9,1
2280,6,3,9,7,0
2281,3,9,7,5,-1
2282,9,7,5,5,0
2283,7,5,5,2,1
2284,5,5,2,3,-1
2285,5,2,3,0,-1
2286,2,3,0,8,1
2287,3,0,8,9,-1
2288,0,8,9,3,1
2289,8,9,3,9,-1
2290,9,3,9,5,-1
2291,3,9,5,7,0
2292,9,5,7,8,1
2293,5,7,8,9,1
2294,7,8,9,9,1
2295,8,9,9,6,-1
2296,9,9,6,3,1
2297,9,6,3,4,1
2298,6,3,4,6,0
2299,3,4,6,4,-1
2300,4,6,4,2,1
2301,6,4,2,1,0
2302,4,2,1,2,1
2303,2,1,2,9,1
2304,1,2,9,9,1
2305,2,9,9,2,1
2306,9,9,2,1,0
2307,9,2,1,8,1
2308,2,1,8,9,-1
2309,1,8,9,2,0
2310,8,9,2,3,1
2311,9,2,3,8,0
2312,2,3,8,7,0
2313,3,8,7,1,0
2314,8,7,1,8,1
2315,7,1,8,2,1
2316,1,8,2,5,-1
2317,8,2,5,9,1
2318,2,5,9,3,1
2319,5,9,3,5,0
2320,9,3,5,1,-1
2321,3,5,1,2,1
2322,5,1,2,9,0
2323,1,2,9,7,1
2324,2,9,7,0,-1
2325,9,7,0,8,1
2326,7,0,8,9,1
2327,0,8,9,1,0
2328,8,9,1,0,0
2329,9,1,0,1,-1
2330,1,0,1,3,1
2331,0,1,3,3,1
2332,1,3,3,9,-1
2333,3,3,9,2,1
2334,3,9,2,1,0
2335,9,2,1,2,1
2336,2,1,2,7,0
2337,1,2,7,6,-1
2338,2,7,6,2,1
2339,7,6,2,3,1
2340,6,2,3,5,-1
2341,2,3,5,4,-1
2342,3,5,4,2,1
2343,5,4,2,7,0
2344,4,2,7,9,1
2345,2,7,9,4,-1
2346,7,9,4,0,1
2347,9,4,0,8,-1
2348,4,0,8,8,0
2349,0,8,8,9,-1
2350,8,8,9,1,0
2351,8,9,1,3,1
2352,9,1,3,1,0
2353,1,3,1,9,1
2354,3,1,9,0,-1
2355,1,9,0,9,0
2356,9,0,9,3,1
2357,0,9,3,8,1
2358,9,3,8,4,-1
2359,3,8,4,1,0
2360,8,4,1,1,-1
2361,4,1,1,0,-1
2362,1,1,0,2,1
2363,1,0,2,2,1
2364,0,2,2,7,-1
2365,2,2,7,2,1
2366,2,7,2,9,-1
2367,7,2,9,5,-1
2368,2,9,5,6,-1
2369,9,5,6,0,-1
2370,5,6,0,8,0
2371,6,0,8,9,1
2372,0,8,9,2,0
2373,8,9,2,0,-1
2374,9,2,0,8,0
2375,2,0,8,4,-1
2376,0,8,4,9,0
2377,8,4,9,8,1
2378,4,9,8,3,1
2379,9,8,3,1,0
2380,8,3,1,8,1
2381,3,1,8,1,-1
2382,1,8,1,3,1
2383,8,1,3,2,0
2384,1,3,2,5,-1
2385,3,2,5,0,-1
2386,2,5,0,8,1
2387,5,0,8,1,0
2388,0,8,1,3,1
2389,8,1,3,9,1
2390,1,3,9,4,1
2391,3,9,4,9,1
2392,9,4,9,0,-1
2393,4,9,0,4,-1
2394,9,0,4,2,1
2395,0,4,2,3,1
2396,4,2,3,7,0
2397,2,3,7,0,-1
2398,3,7,0,8,1
2399,7,0,8,3,1
2400,0,8,3,9,-1
2401,8,3,9,2,0
2402,3,9,2,3,-1
2403,9,2,3,2,0
2404,2,3,2,3,0
2405,3,2,3,2,1
2406,2,3,2,8,1
2407,3,2,8,7,0
2408,2,8,7,4,1
2409,8,7,4,1,0
2410,7,4,1,8,-1
2411,4,1,8,4,-1
2412,1,8,4,2,1
2413,8,4,2,2,0
2414,4,2,2,3,-1
2415,2,2,3,8,0
2416,2,3,8,3,0
2417,3,8,3,1,0
2418,8,3,1,3,0
2419,3,1,3,3,1
2420,1,3,3,0,-1
2421,3,3,0,3,1
2422,3,0,3,0,0
2423,0,3,0,7,0
2424,3,0,7,1,0
2425,0,7,1,5,1
2426,7,1,5,9,1
2427,1,5,9,6,1
2428,5,9,6,2,1
2429,9,6,2,7,0
2430,6,2,7,7,0
2431,2,7,7,9,0
2432,7,7,9,2,1
2433,7,9,2,6,-1
2434,9,2,6,7,1
2435,2,6,7,1,0
2436,6,7,1,2,0
2437,7,1,2,0,-1
2438,1,2,0,3,1
2439,2,0,3,3,1
2440,0,3,3,6,-1
2441,3,3,6,1,0
2442,3,6,1,3,1
2443,6,1,3,2,1
2444,1,3,2,9,1
2445,3,2,9,9,0
2446,2,9,9,7,0
2447,9,9,7,1,-1
2448,9,7,1,5,-1
2449,7,1,5,5,-1
2450,1,5,5,7,0
2451,5,5,7,2,1
2452,5,7,2,2,0
2453,7,2,2,9,1
2454,2,2,9,9,-1
2455,2,9,9,0,-1
2456,9,9,0,9,1
2457,9,0,9,2,1
2458,0,9,2,7,0
2459,9,2,7,3,-1
2460,2,7,3,2,1
2461,7,3,2,6,0
2462,3,2,6,6,0
2463,2,6,6,8,1
2464,6,6,8,9,1
2465,6,8,9,9,0
2466,8,9,9,5,0
2467,9,9,5,9,1
2468,9,5,9,8,1
2469,5,9,8,8,1
2470,9,8,8,2,1
2471,8,8,2,3,1
2472,8,2,3,7,0
2473,2,3,7,3,1
2474,3,7,3,6,-1
2475,7,3,6,2,1
2476,3,6,2,9,1
2477,6,2,9,3,0
2478,2,9,3,9,-1
2479,9,3,9,1,-1
2480,3,9,1,4,-1
2481,9,1,4,8,1
2482,1,4,8,5,-1
2483,4,8,5,9,1
2484,8,5,9,7,0
2485,5,9,7,4,-1
2486,9,7,4,7,0
2487,7,4,7,3,0
2488,4,7,3,2,1
2489,7,3,2,4,-1
2490,3,2,4,9,1
2491,2,4,9,3,-1
2492,4,9,3,6,-1
2493,9,3,6,9,1
2494,3,6,9,3,1
2495,6,9,3,5,-1
2496,9,3,5,9,1
2497,3,5,9,1,-1
2498,5,9,1,9,0
2499,9,1,9,2,0
2500,1,9,2,0,-1
2501,9,2,0,3,1
2502,2,0,3,2,1
2503,0,3,2,7,0
2504,3,2,7,0,-1
2505,2,7,0,4,-1
2506,7,0,4,2,1
2507,0,4,2,7,0
2508,4,2,7,3,1
2509,2,7,3,5,-1
2510,7,3,5,6,-1
2511,3,5,6,2,1
2512,5,6,2,1,1
2513,6,2,1,4,-1
2514,2,1,4,9,1
2515,1,4,9,4,-1
2516,4,9,4,5,-1
2517,9,4,5,3,0
2518,4,5,3,8,-1
2519,5,3,8,5,1
2520,3,8,5,0,-1
2521,8,5,0,9,1
2522,5,0,9,4,-1
2523,0,9,4,2,1
2524,9,4,2,3,-1
2525,4,2,3,2,0
2526,2,3,2,3,1
2527,3,2,3,9,1
2528,2,3,9,4,-1
2529,3,9,4,5,-1
2530,9,4,5,7,1
2531,4,5,7,0,-1
2532,5,7,0,2,1
2533,7,0,2,5,-1
2534,0,2,5,3,-1
2535,2,5,3,0,-1
2536,5,3,0,8,-1
2537,3,0,8,7,0
2538,0,8,7,9,1
2539,8,7,9,9,1
2540,7,9,9,7,0
2541,9,9,7,2,1
2542,9,7,2,9,1
2543,7,2,9,1,-1
2544,2,9,1,3,-1
2545,9,1,3,2,1
2546,1,3,2,2,-1
2547,3,2,2,2,1
2548,2,2,2,7,-1
2549,2,2,7,3,1
2550,2,7,3,4,0
2551,7,3,4,9,1
2552,3,4,9,3,0
2553,4,9,3,6,1
2554,9,3,6,4,-1
2555,3,6,4,4,-1
2556,6,4,4,8,0
2557,4,4,8,2,1
2558,4,8,2,7,0
2559,8,2,7,1,0
2560,2,7,1,9,1
2561,7,1,9,6,-1
2562,1,9,6,0,0
2563,9,6,0,8,1
2564,6,0,8,5,-1
2565,0,8,5,5,-1
2566,8,5,5,9,0
2567,5,5,9,9,1
2568,5,9,9,9,0
2569,9,9,9,6,-1
2570,9,9,6,8,1
2571,9,6,8,5,-1
2572,6,8,5,7,1
2573,8,5,7,0,-1
2574,5,7,0,5,0
2575,7,0,5,3,1
2576,0,5,3,3,1
2577,5,3,3,9,1
2578,3,3,9,9,1
2579,3,9,9,8,1
2580,9,9,8,8,1
2581,9,8,8,0,-1
2582,8,8,0,9,1
2583,8,0,9,9,1
2584,0,9,9,2,1
2585,9,9,2,8,1
2586,9,2,8,3,-1
2587,2,8,3,2,1
2588,8,3,2,7,0
2589,3,2,7,2,1
2590,2,7,2,8,1
2591,7,2,8,9,1
2592,2,8,9,9,1
2593,8,9,9,9,1
2594,9,9,9,9,1
2595,9,9,9,7,0
2596,9,9,7,1,0
2597,9,7,1,2,1
2598,7,1,2,2,0
2599,1,2,2,3,-1
2600,2,2,3,9,-1
2601,2,3,9,2,1
2602,3,9,2,2,1
2603,9,2,2,7,0
2604,2,2,7,5,-1
2605,2,7,5,0,-1
2606,7,5,0,1,0
2607,5,0,1,9,-1
2608,0,1,9,7,0
2609,1,9,7,9,1
2610,9,7,9,9,-1
2611,7,9,9,9,-1
2612,9,9,9,4,-1
2613,9,9,4,9,-1
2614,9,4,9,8,1
2615,4,9,8,4,-1
2616,9,8,4,9,-1
2617,8,4,9,5,-1
2618,4,9,5,6,-1
2619,9,5,6,8,1
2620,5,6,8,3,1
2621,6,8,3,6,-1
2622,8,3,6,2,1
2623,3,6,2,0,-1
2624,6,2,0,4,-1
2625,2,0,4,1,0
2626,0,4,1,3,1
2627,4,1,3,6,-1
2628,1,3,6,2,1
2629,3,6,2,0,-1
2630,6,2,0,2,1
2631,2,0,2,1,0
2632,0,2,1,2,1
2633,2,1,2,2,0
2634,1,2,2,8,-1
2635,2,2,8,7,-1
2636,2,8,7,2,0
2637,8,7,2,8,1
2638,7,2,8,3,-1
2639,2,8,3,2,1
2640,8,3,2,2,-1
2641,3,2,2,8,-1
2642,2,2,8,1,-1
2643,2,8,1,2,1
2644,8,1,2,9,-1
2645,1,2,9,9,1
2646,2,9,9,3,-1
2647,9,9,3,4,-1
2648,9,3,4,9,1
2649,3,4,9,7,0
2650,4,9,7,0,-1
2651,9,7,0,4,-1
2652,7,0,4,3,1
2653,0,4,3,3,1
2654,4,3,3,9,1
2655,3,3,9,2,0
2656,3,9,2,1,0
2657,9,2,1,3,-1
2658,2,1,3,2,1
2659,1,3,2,3,-1
2660,3,2,3,9,1
2661,2,3,9,8,1
2662,3,9,8,5,0
2663,9,8,5,8,1
2664,8,5,8,2,1
2665,5,8,2,2,1
2666,8,2,2,4,-1
2667,2,2,4,8,0
2668,2,4,8,9,0
2669,4,8,9,8,1
2670,8,9,8,9,-1
2671,9,8,9,5,-1
2672,8,9,5,2,1
2673,9,5,2,9,1
2674,5,2,9,3,1
2675,2,9,3,2,-1
2676,9,3,2,8,1
2677,3,2,8,3,1
2678,2,8,3,3,-1
2679,8,3,3,9,1
2680,3,3,9,8,1
2681,3,9,8,9,1
2682,9,8,9,9,1
2683,8,9,9,5,-1
2684,9,9,5,8,1
2685,9,5,8,8,0
2686,5,8,8,2,1
2687,8,8,2,7,0
2688,8,2,7,2,1
2689,2,7,2,8,0
2690,7,2,8,3,-1
2691,2,8,3,2,1
2692,8,3,2,5,0
2693,3,2,5,3,1
2694,2,5,3,4,0
2695,5,3,4,5,-1
2696,3,4,5,3,1
2697,4,5,3,3,-1
2698,5,3,3,2,-1
2699,3,3,2,3,1
2700,3,2,3,1,0
2701,2,3,1,2,1
2702,3,1,2,3,1
2703,1,2,3,2,0
2704,2,3,2,3,1
2705,3,2,3,0,-1
2706,2,3,0,2,0
2707,3,0,2,6,0
2708,0,2,6,3,0
2709,2,6,3,9,1
2710,6,3,9,2,0
2711,3,9,2,5,-1
2712,9,2,5,2,1
2713,2,5,2,9,1
2714,5,2,9,0,-1
2715,2,9,0,4,1
2716,9,0,4,7,-1
2717,0,4,7,2,1
2718,4,7,2,5,0
2719,7,2,5,9,1
2720,2,5,9,9,-1
2721,5,9,9,8,1
2722,9,9,8,8,1
2723,9,8,8,9,1
2724,8,8,9,1,0
2725,8,9,1,2,1
2726,9,1,2,5,-1
2727,1,2,5,1,-1
2728,2,5,1,0,1
2729,5,1,0,6,0
2730,1,0,6,4,-1
2731,0,6,4,8,1
2732,6,4,8,2,-1
2733,4,8,2,0,-1
2734,8,2,0,5,-1
2735,2,0,5,9,-1
2736,0,5,9,5,-1
2737,5,9,5,9,1
2738,9,5,9,6,-1
2739,5,9,6,5,1
2740,9,6,5,6,-1
2741,6,5,6,6,0
2742,5,6,6,2,1
2743,6,6,2,8,1
2744,6,2,8,6,-1
2745,2,8,6,7,-1
2746,8,6,7,0,-1
2747,6,7,0,6,1
2748,7,0,6,6,0
2749,0,6,6,7,0
2750,6,6,7,2,0
2751,6,7,2,7,0
2752,7,2,7,4,-1
2753,2,7,4,4,1
2754,7,4,4,9,-1
2755,4,4,9,2,-1
2756,4,9,2,1,0
2757,9,2,1,9,-1
2758,2,1,9,3,1
2759,1,9,3,0,-1
2760,9,3,0,9,1
2761,3,0,9,9,1
2762,0,9,9,9,1
2763,9,9,9,2,1
2764,9,9,2,8,-1
2765,9,2,8,8,1
2766,2,8,8,3,0
2767,8,8,3,3,1
2768,8,3,3,3,1
2769,3,3,3,9,1
2770,3,3,9,4,-1
2771,3,9,4,9,-1
2772,9,4,9,9,-1
2773,4,9,9,6,-1
2774,9,9,6,9,1
2775,9,6,9,6,-1
2776,6,9,6,2,0
2777,9,6,2,1,1
2778,6,2,1,5,-1
2779,2,1,5,1,0
2780,1,5,1,5,0
2781,5,1,5,3,1
2782,1,5,3,9,1
2783,5,3,9,5,-1
2784,3,9,5,9,1
2785,9,5,9,8,1
2786,5,9,8,7,0
2787,9,8,7,9,1
2788,8,7,9,5,-1
2789,7,9,5,6,0
2790,9,5,6,3,1
2791,5,6,3,4,-1
2792,6,3,4,2,-1
2793,3,4,2,2,1
2794,4,2,2,8,1
2795,2,2,8,3,0
2796,2,8,3,7,-1
2797,8,3,7,9,1
2798,3,7,9,9,-1
2799,7,9,9,1,-1
2800,9,9,1,4,-1
2801,9,1,4,1,1
2802,1,4,1,3,-1
2803,4,1,3,9,-1
2804,1,3,9,2,1
2805,3,9,2,4,-1
2806,9,2,4,3,1
2807,2,4,3,5,-1
2808,4,3,5,6,-1
2809,3,5,6,8,1
2810,5,6,8,8,0
2811,6,8,8,7,1
2812,8,8,7,8,1
2813,8,7,8,9,1
2814,7,8,9,2,-1
2815,8,9,2,8,1
2816,9,2,8,8,0
2817,2,8,8,9,1
2818,8,8,9,9,1
2819,8,9,9,5,-1
2820,9,9,5,7,1
2821,9,5,7,4,-1
2822,5,7,4,9,1
2823,7,4,9,4,1
2824,4,9,4,7,1
2825,9,4,7,4,1
2826,4,7,4,5,0
2827,7,4,5,9,1
2828,4,5,9,1,0
2829,5,9,1,9,1
2830,9,1,9,8,1
2831,1,9,8,6,1
2832,9,8,6,5,0
2833,8,6,5,3,1
2834,6,5,3,0,0
2835,5,3,0,2,1
2836,3,0,2,5,-1
2837,0,2,5,0,-1
2838,2,5,0,2,1
2839,5,0,2,5,-1
2840,0,2,5,7,-1
2841,2,5,7,2,1
2842,5,7,2,7,0
2843,7,2,7,3,-1
2844,2,7,3,9,-1
2845,7,3,9,7,0
2846,3,9,7,4,-1
2847,9,7,4,1,0
2848,7,4,1,9,1
2849,4,1,9,6,-1
2850,1,9,6,7,0
2851,9,6,7,7,0
2852,6,7,7,1,0
2853,7,7,1,9,1
2854,7,1,9,3,1
2855,1,9,3,8,0
2856,9,3,8,9,1
2857,3,8,9,9,1
2858,8,9,9,8,1
2859,9,9,8,6,-1
2860,9,8,6,5,-1
2861,8,6,5,8,1
2862,6,5,8,1,0
2863,5,8,1,9,1
2864,8,1,9,7,0
2865,1,9,7,5,-1
2866,9,7,5,1,-1
2867,7,5,1,1,-1
2868,5,1,1,9,0
2869,1,1,9,6,-1
2870,1,9,6,2,1
2871,9,6,2,6,0
2872,6,2,6,3,1
2873,2,6,3,9,1
2874,6,3,9,5,-1
2875,3,9,5,4,-1
2876,9,5,4,8,1
2877,5,4,8,1,0
2878,4,8,1,0,1
2879,8,1,0,1,0
2880,1,0,1,0,1
2881,0,1,0,8,1
2882,1,0,8,7,0
2883,0,8,7,8,0
2884,8,7,8,7,-1
2885,7,8,7,3,1
2886,8,7,3,3,1
2887,7,3,3,8,0
2888,3,3,8,2,1
2889,3,8,2,7,-1
2890,8,2,7,8,1
2891,2,7,8,8,-1
2892,7,8,8,9,-1
2893,8,8,9,8,1
2894,8,9,8,8,0
2895,9,8,8,5,-1
2896,8,8,5,0,0
2897,8,5,0,7,0
2898,5,0,7,1,0
2899,0,7,1,5,-1
2900,7,1,5,3,1
2901,1,5,3,3,-1
2902,5,3,3,2,1
2903,3,3,2,5,1
2904,3,2,5,9,0
2905,2,5,9,9,-1
2906,5,9,9,8,1
2907,9,9,8,9,-1
2908,9,8,9,7,1
2909,8,9,7,2,1
2910,9,7,2,1,0
2911,7,2,1,8,0
2912,2,1,8,6,-1
2913,1,8,6,9,1
2914,8,6,9,3,-1
2915,6,9,3,8,1
2916,9,3,8,2,1
2917,3,8,2,2,-1
2918,8,2,2,8,1
2919,2,2,8,3,1
2920,2,8,3,2,1
2921,8,3,2,8,0
2922,3,2,8,2,1
2923,2,8,2,0,-1
2924,8,2,0,2,1
2925,2,0,2,4,-1
2926,0,2,4,9,-1
2927,2,4,9,8,1
2928,4,9,8,1,0
2929,9,8,1,6,-1
2930,8,1,6,4,-1
2931,1,6,4,8,-1
2932,6,4,8,9,0
2933,4,8,9,6,0
2934,8,9,6,3,1
2935,9,6,3,5,0
2936,6,3,5,7,1
2937,3,5,7,1,0
2938,5,7,1,2,1
2939,7,1,2,2,1
2940,1,2,2,9,1
2941,2,2,9,2,0
2942,2,9,2,8,-1
2943,9,2,8,5,-1
2944,2,8,5,7,0
2945,8,5,7,8,1
2946,5,7,8,7,0
2947,7,8,7,4,-1
2948,8,7,4,4,1
2949,7,4,4,3,0
2950,4,4,3,2,1
2951,4,3,2,4,-1
2952,3,2,4,3,1
2953,2,4,3,1,0
2954,4,3,1,2,1
2955,3,1,2,4,-1
2956,1,2,4,9,1
2957,2,4,9,8,1
2958,4,9,8,3,1
2959,9,8,3,0,0
2960,8,3,0,5,-1
2961,3,0,5,1,0
2962,0,5,1,2,1
2963,5,1,2,3,1
2964,1,2,3,4,-1
2965,2,3,4,6,-1
2966,3,4,6,2,1
2967,4,6,2,2,1
2968,6,2,2,9,1
2969,2,2,9,3,-1
2970,2,9,3,7,0
2971,9,3,7,9,0
2972,3,7,9,3,1
2973,7,9,3,2,1
2974,9,3,2,8,-1
2975,3,2,8,0,-1
2976,2,8,0,8,1
2977,8,0,8,0,1
2978,0,8,0,9,1
2979,8,0,9,7,0
2980,0,9,7,6,-1
2981,9,7,6,6,-1
2982,7,6,6,6,-1
2983,6,6,6,2,0
2984,6,6,2,3,1
2985,6,2,3,4,-1
2986,2,3,4,8,0
2987,3,4,8,1,0
2988,4,8,1,1,0
2989,8,1,1,0,-1
2990,1,1,0,3,1
2991,1,0,3,9,1
2992,0,3,9,4,-1
2993,3,9,4,7,0
2994,9,4,7,2,-1
2995,4,7,2,9,1
2996,7,2,9,2,0
2997,2,9,2,8,1
2998,9,2,8,6,-1
2999,2,8,6,4,-1
3000,8,6,4,3,1
3001,6,4,3,9,0
3002,4,3,9,2,1
3003,3,9,2,9,1
3004,9,2,9,3,1
3005,2,9,3,8,-1
3006,9,3,8,3,-1
3007,3,8,3,9,1
3008,8,3,9,2,1
3009,3,9,2,9,1
3010,9,2,9,4,-1
3011,2,9,4,5,-1
3012,9,4,5,2,1
3013,4,5,2,4,-1
3014,5,2,4,9,-1
3015,2,4,9,8,1
3016,4,9,8,9,1
3017,9,8,9,5,-1
3018,8,9,5,8,0
3019,9,5,8,9,0
3020,5,8,9,2,-1
3021,8,9,2,3,-1
3022,9,2,3,3,-1
3023,2,3,3,3,1
3024,3,3,3,7,0
3025,3,3,7,2,0
3026,3,7,2,2,0
3027,7,2,2,4,1
3028,2,2,4,8,0
3029,2,4,8,1,0
3030,4,8,1,1,0
3031,8,1,1,2,1
3032,1,1,2,7,-1
3033,1,2,7,8,1
3034,2,7,8,0,-1
3035,7,8,0,7,0
3036,8,0,7,3,1
3037,0,7,3,7,-1
3038,7,3,7,9,-1
3039,3,7,9,1,-1
3040,7,9,1,3,1
3041,9,1,3,4,1
3042,1,3,4,7,0
3043,3,4,7,1,0
3044,4,7,1,0,-1
3045,7,1,0,9,1
3046,1,0,9,0,-1
3047,0,9,0,2,1
3048,9,0,2,7,0
3049,0,2,7,6,0
3050,2,7,6,6,0
3051,7,6,6,8,-1
3052,6,6,8,3,1
3053,6,8,3,5,-1
3054,8,3,5,2,0
3055,3,5,2,2,-1
3056,5,2,2,2,-1
3057,2,2,2,3,0
3058,2,2,3,6,-1
3059,2,3,6,4,1
3060,3,6,4,2,1
3061,6,4,2,0,-1
3062,4,2,0,1,-1
3063,2,0,1,9,-1
3064,0,1,9,5,-1
3065,1,9,5,3,1
3066,9,5,3,7,0
3067,5,3,7,2,1
3068,3,7,2,3,1
3069,7,2,3,7,-1
3070,2,3,7,9,1
3071,3,7,9,9,1
3072,7,9,9,3,1
3073,9,9,3,4,-1
3074,9,3,4,9,1
3075,3,4,9,8,-1
3076,4,9,8,2,1
3077,9,8,2,8,1
3078,8,2,8,4,0
3079,2,8,4,6,1
3080,8,4,6,5,0
3081,4,6,5,1,0
3082,6,5,1,3,-1
3083,5,1,3,6,-1
3084,1,3,6,2,-1
3085,3,6,2,1,-1
3086,6,2,1,8,1
3087,2,1,8,8,1
3088,1,8,8,2,1
3089,8,8,2,2,1
3090,8,2,2,0,-1
3091,2,2,0,2,1
3092,2,0,2,7,0
3093,0,2,7,6,1
3094,2,7,6,7,0
3095,7,6,7,9,1
3096,6,7,9,2,1
3097,7,9,2,8,1
3098,9,2,8,3,1
3099,2,8,3,2,1
3100,8,3,2,6,-1
3101,3,2,6,2,1
3102,2,6,2,3,-1
3103,6,2,3,2,1
3104,2,3,2,1,0
3105,3,2,1,2,0
3106,2,1,2,3,1
3107,1,2,3,3,1
3108,2,3,3,2,1
3109,3,3,2,6,0
3110,3,2,6,5,-1
3111,2,6,5,9,1
3112,6,5,9,8,-1
3113,5,9,8,2,1
3114,9,8,2,9,1
3115,8,2,9,2,1
3116,2,9,2,5,-1
3117,9,2,5,4,-1
3118,2,5,4,2,1
3119,5,4,2,0,-1
3120,4,2,0,3,1
3121,2,0,3,2,0
3122,0,3,2,0,-1
3123,3,2,0,7,-1
3124,2,0,7,9,1
3125,0,7,9,7,-1
3126,7,9,7,0,0
3127,9,7,0,1,0
3128,7,0,1,3,1
3129,0,1,3,3,1
3130,1,3,3,7,0
3131,3,3,7,8,1
3132,3,7,8,5,-1
3133,7,8,5,6,0
3134,8,5,6,1,0
3135,5,6,1,7,0
3136,6,1,7,6,0
3137,1,7,6,8,1
3138,7,6,8,7,-1
3139,6,8,7,0,0
3140,8,7,0,3,-1
3141,7,0,3,2,1
3142,0,3,2,3,1
3143,3,2,3,3,1
3144,2,3,3,9,1
3145,3,3,9,4,1
3146,3,9,4,8,1
3147,9,4,8,9,1
3148,4,8,9,3,1
3149,8,9,3,4,-1
3150,9,3,4,2,-1
3151,3,4,2,7,0
3152,4,2,7,7,-1
3153,2,7,7,9,1
3154,7,7,9,3,-1
3155,7,9,3,2,1
3156,9,3,2,5,1
3157,3,2,5,8,1
3158,2,5,8,0,-1
3159,5,8,0,9,1
3160,8,0,9,2,1
3161,0,9,2,1,1
3162,9,2,1,9,0
3163,2,1,9,3,-1
3164,1,9,3,2,1
3165,9,3,2,6,-1
3166,3,2,6,4,0
3167,2,6,4,9,0
3168,6,4,9,8,1
3169,4,9,8,4,-1
3170,9,8,4,4,-1
3171,8,4,4,5,-1
3172,4,4,5,5,-1
3173,4,5,5,1,-1
3174,5,5,1,2,1
3175,5,1,2,1,0
3176,1,2,1,3,1
3177,2,1,3,2,1
3178,1,3,2,9,1
3179,3,2,9,6,-1
3180,2,9,6,7,0
3181,9,6,7,4,-1
3182,6,7,4,0,-1
3183,7,4,0,9,0
3184,4,0,9,5,-1
3185,0,9,5,7,-1
3186,9,5,7,9,1
3187,5,7,9,7,0
3188,7,9,7,2,1
3189,9,7,2,2,1
3190,7,2,2,6,-1
3191,2,2,6,2,-1
3192,2,6,2,0,-1
3193,6,2,0,3,1
3194,2,0,3,0,-1
3195,0,3,0,2,1
3196,3,0,2,7,0
3197,0,2,7,5,-1
3198,2,7,5,2,1
3199,7,5,2,7,0
3200,5,2,7,2,1
3201,2,7,2,8,1
3202,7,2,8,8,1
3203,2,8,8,7,-1
3204,8,8,7,4,-1
3205,8,7,4,8,0
3206,7,4,8,4,1
3207,4,8,4,1,0
3208,8,4,1,4,1
3209,4,1,4,1,-1
3210,1,4,1,1,0
3211,4,1,1,2,0
3212,1,1,2,6,-1
3213,1,2,6,3,0
3214,2,6,3,1,0
3215,6,3,1,7,0
3216,3,1,7,2,1
3217,1,7,2,9,-1
3218,7,2,9,9,1
3219,2,9,9,6,-1
3220,9,9,6,2,0
3221,9,6,2,4,-1
3222,6,2,4,2,1
3223,2,4,2,1,-1
3224,4,2,1,7,0
3225,2,1,7,3,-1
3226,1,7,3,7,-1
3227,7,3,7,8,0
3228,3,7,8,7,0
3229,7,8,7,4,-1
3230,8,7,4,5,-1
3231,7,4,5,0,-1
3232,4,5,0,2,1
3233,5,0,2,9,0
3234,0,2,9,8,1
3235,2,9,8,2,1
3236,9,8,2,1,-1
3237,8,2,1,3,1
3238,2,1,3,2,1
3239,1,3,2,5,-1
3240,3,2,5,9,1
3241,2,5,9,7,0
3242,5,9,7,9,1
3243,9,7,9,3,1
3244,7,9,3,2,1
3245,9,3,2,2,0
3246,3,2,2,9,0
3247,2,2,9,2,1
3248,2,9,2,4,-1
3249,9,2,4,3,-1
3250,2,4,3,0,0
3251,4,3,0,1,0
3252,3,0,1,7,0
3253,0,1,7,3,1
3254,1,7,3,4,1
3255,7,3,4,7,0
3256,3,4,7,3,1
3257,4,7,3,6,-1
3258,7,3,6,9,1
3259,3,6,9,3,-1
3260,6,9,3,8,-1
3261,9,3,8,3,1
3262,3,8,3,0,-1
3263,8,3,0,0,-1
3264,3,0,0,8,1
3265,0,0,8,4,-1
3266,0,8,4,9,-1
3267,8,4,9,9,-1
3268,4,9,9,6,-1
3269,9,9,6,3,1
3270,9,6,3,6,0
3271,6,3,6,8,1
3272,3,6,8,3,-1
3273,6,8,3,7,0
3274,8,3,7,0,-1
3275,3,7,0,5,1
3276,7,0,5,6,-1
3277,0,5,6,2,1
3278,5,6,2,5,-1
3279,6,2,5,8,1
3280,2,5,8,9,1
3281,5,8,9,5,1
3282,8,9,5,9,1
3283,9,5,9,2,1
3284,5,9,2,6,-1
3285,9,2,6,4,-1
3286,2,6,4,9,1
3287,6,4,9,5,1
3288,4,9,5,9,1
3289,9,5,9,3,1
3290,5,9,3,7,-1
3291,9,3,7,8,-1
3292,3,7,8,2,1
3293,7,8,2,3,1
3294,8,2,3,0,0
3295,2,3,0,2,1
3296,3,0,2,4,-1
3297,0,2,4,8,-1
3298,2,4,8,9,1
3299,4,8,9,1,0
3300,8,9,1,6,-1
3301,9,1,6,4,1
3302,1,6,4,1,0
3303,6,4,1,0,-1
3304,4,1,0,8,1
3305,1,0,8,3,1
3306,0,8,3,5,0
3307,8,3,5,6,0
3308,3,5,6,0,-1
3309,5,6,0,4,-1
3310,6,0,4,8,1
3311,0,4,8,4,-1
3312,4,8,4,9,1
3313,8,4,9,2,0
3314,4,9,2,2,-1
3315,9,2,2,0,-1
3316,2,2,0,7,0
3317,2,0,7,4,-1
3318,0,7,4,2,1
3319,7,4,2,8,1
3320,4,2,8,3,0
3321,2,8,3,9,1
3322,8,3,9,3,1
3323,3,9,3,0,-1
3324,9,3,0,3,-1
3325,3,0,3,5,-1
3326,0,3,5,6,-1
3327,3,5,6,1,0
3328,5,6,1,6,-1
3329,6,1,6,2,1
3330,1,6,2,3,1
3331,6,2,3,7,0
3332,2,3,7,9,1
3333,3,7,9,3,1
3334,7,9,3,4,-1
3335,9,3,4,2,1
3336,3,4,2,6,-1
3337,4,2,6,0,-1
3338,2,6,0,3,0
3339,6,0,3,4,-1
3340,0,3,4,2,1
3341,3,4,2,2,1
3342,4,2,2,2,1
3343,2,2,2,7,0
3344,2,2,7,4,1
3345,2,7,4,3,1
3346,7,4,3,2,0
3347,4,3,2,1,-1
3348,3,2,1,5,1
3349,2,1,5,3,-1
3350,1,5,3,3,-1
3351,5,3,3,4,-1
3352,3,3,4,8,1
3353,3,4,8,1,1
3354,4,8,1,3,1
3355,8,1,3,0,-1
3356,1,3,0,8,1
3357,3,0,8,9,1
3358,0,8,9,8,1
3359,8,9,8,2,1
3360,9,8,2,7,0
3361,8,2,7,6,-1
3362,2,7,6,8,1
3363,7,6,8,2,1
3364,6,8,2,9,1
3365,8,2,9,3,1
3366,2,9,3,2,1
3367,9,3,2,2,1
3368,3,2,2,2,0
3369,2,2,2,9,1
3370,2,2,9,6,0
3371,2,9,6,1,0
3372,9,6,1,8,1
3373,6,1,8,8,0
3374,1,8,8,3,1
3375,8,8,3,1,0
3376,8,3,1,2,0
3377,3,1,2,7,0
3378,1,2,7,3,1
3379,2,7,3,8,-1
3380,7,3,8,1,0
3381,3,8,1,8,1
3382,8,1,8,2,0
3383,1,8,2,8,0
3384,8,2,8,3,1
3385,2,8,3,2,1
3386,8,3,2,1,0
3387,3,2,1,9,0
3388,2,1,9,2,0
3389,1,9,2,4,-1
3390,9,2,4,9,1
3391,2,4,9,6,-1
3392,4,9,6,4,-1
3393,9,6,4,3,1
3394,6,4,3,5,-1
3395,4,3,5,5,-1
3396,3,5,5,3,-1
3397,5,5,3,8,1
3398,5,3,8,6,-1
3399,3,8,6,1,0
3400,8,6,1,3,-1
3401,6,1,3,0,-1
3402,1,3,0,7,1
3403,3,0,7,9,1
3404,0,7,9,2,-1
3405,7,9,2,4,0
3406,9,2,4,9,1
3407,2,4,9,9,0
3408,4,9,9,4,1
3409,9,9,4,4,-1
3410,9,4,4,7,0
3411,4,4,7,7,-1
3412,4,7,7,2,1
3413,7,7,2,9,1
3414,7,2,9,8,1
3415,2,9,8,9,1
3416,9,8,9,2,1
3417,8,9,2,6,-1
3418,9,2,6,1,0
3419,2,6,1,3,1
3420,6,1,3,3,-1
3421,1,3,3,9,1
3422,3,3,9,3,0
3423,3,9,3,2,1
3424,9,3,2,8,1
3425,3,2,8,2,1
3426,2,8,2,3,1
3427,8,2,3,9,1
3428,2,3,9,2,1
3429,3,9,2,2,0
3430,9,2,2,2,1
3431,2,2,2,2,0
3432,2,2,2,9,-1
3433,2,2,9,1,-1
3434,2,9,1,7,0
3435,9,1,7,1,1
3436,1,7,1,6,-1
3437,7,1,6,3,1
3438,1,6,3,0,-1
3439,6,3,0,6,-1
3440,3,0,6,3,1
3441,0,6,3,9,1
3442,6,3,9,6,0
3443,3,9,6,4,-1
3444,9,6,4,2,1
3445,6,4,2,8,1
3446,4,2,8,4,-1
3447,2,8,4,3,0
3448,8,4,3,5,0
3449,4,3,5,3,1
3450,3,5,3,0,-1
3451,5,3,0,6,-1
3452,3,0,6,6,-1
3453,0,6,6,2,0
3454,6,6,2,0,-1
3455,6,2,0,8,1
3456,2,0,8,6,0
3457,0,8,6,2,1
3458,8,6,2,9,1
3459,6,2,9,0,0
3460,2,9,0,1,0
3461,9,0,1,7,0
3462,0,1,7,7,0
3463,1,7,7,0,-1
3464,7,7,0,9,1
3465,7,0,9,8,1
3466,0,9,8,9,0
3467,9,8,9,2,1
3468,8,9,2,8,0
3469,9,2,8,4,-1
3470,2,8,4,0,-1
3471,8,4,0,4,-1
3472,4,0,4,4,1
3473,0,4,4,0,-1
3474,4,4,0,4,-1
3475,4,0,4,9,-1
3476,0,4,9,1,0
3477,4,9,1,3,-1
3478,9,1,3,3,1
3479,1,3,3,0,-1
3480,3,3,0,1,0
3481,3,0,1,7,-1
3482,0,1,7,0,0
3483,1,7,0,8,1
3484,7,0,8,9,1
3485,0,8,9,0,-1
3486,8,9,0,9,0
3487,9,0,9,9,-1
3488,0,9,9,2,1
3489,9,9,2,4,-1
3490,9,2,4,8,1
3491,2,4,8,6,0
3492,4,8,6,2,1
3493,8,6,2,3,1
3494,6,2,3,9,0
3495,2,3,9,1,-1
3496,3,9,1,2,1
3497,9,1,2,9,1
3498,1,2,9,5,-1
3499,2,9,5,8,1
3500,9,5,8,3,1
3501,5,8,3,1,0
3502,8,3,1,1,0
3503,3,1,1,4,-1
3504,1,1,4,3,1
3505,1,4,3,9,0
3506,4,3,9,3,1
3507,3,9,3,8,1
3508,9,3,8,3,-1
3509,3,8,3,3,1
3510,8,3,3,9,1
3511,3,3,9,8,1
3512,3,9,8,9,0
3513,9,8,9,2,0
3514,8,9,2,8,1
3515,9,2,8,2,-1
3516,2,8,2,2,0
3517,8,2,2,6,-1
3518,2,2,6,2,1
3519,2,6,2,1,0
3520,6,2,1,6,-1
3521,2,1,6,2,0
3522,1,6,2,9,1
3523,6,2,9,8,0
3524,2,9,8,6,-1
3525,9,8,6,1,0
3526,8,6,1,0,-1
3527,6,1,0,6,-1
3528,1,0,6,4,-1
3529,0,6,4,2,1
3530,6,4,2,4,-1
3531,4,2,4,8,1
3532,2,4,8,1,-1
3533,4,8,1,8,1
3534,8,1,8,3,1
3535,1,8,3,7,0
3536,8,3,7,9,1
3537,3,7,9,2,1
3538,7,9,2,2,-1
3539,9,2,2,8,1
3540,2,2,8,3,0
3541,2,8,3,8,1
3542,8,3,8,9,-1
3543,3,8,9,3,0
3544,8,9,3,6,1
3545,9,3,6,7,0
3546,3,6,7,8,1
3547,6,7,8,2,0
3548,7,8,2,3,1
3549,8,2,3,2,1
3550,2,3,2,8,-1
3551,3,2,8,3,1
3552,2,8,3,9,1
3553,8,3,9,1,1
3554,3,9,1,7,0
3555,9,1,7,9,1
3556,1,7,9,8,-1
3557,7,9,8,3,1
3558,9,8,3,1,0
3559,8,3,1,3,1
3560,3,1,3,2,0
3561,1,3,2,9,-1
3562,3,2,9,9,-1
3563,2,9,9,0,0
3564,9,9,0,2,1
3565,9,0,2,2,1
3566,0,2,2,5,-1
3567,2,2,5,8,1
3568,2,5,8,3,0
3569,5,8,3,0,-1
3570,8,3,0,9,-1
3571,3,0,9,4,-1
3572,0,9,4,9,1
3573,9,4,9,2,1
3574,4,9,2,6,-1
3575,9,2,6,9,-1
3576,2,6,9,6,-1
3577,6,9,6,9,1
3578,9,6,9,3,1
3579,6,9,3,3,1
3580,9,3,3,9,-1
3581,3,3,9,9,1
3582,3,9,9,2,1
3583,9,9,2,1,0
3584,9,2,1,5,-1
3585,2,1,5,0,-1
3586,1,5,0,2,0
3587,5,0,2,8,1
3588,0,2,8,9,1
3589,2,8,9,9,0
3590,8,9,9,4,-1
3591,9,9,4,9,-1
3592,9,4,9,4,-1
3593,4,9,4,6,-1
3594,9,4,6,9,-1
3595,4,6,9,8,1
3596,6,9,8,2,1
3597,9,8,2,3,1
3598,8,2,3,5,-1
3599,2,3,5,7,0
3600,3,5,7,8,-1
3601,5,7,8,7,-1
3602,7,8,7,0,-1
3603,8,7,0,8,1
3604,7,0,8,6,-1
3605,0,8,6,6,-1
3606,8,6,6,0,-1
3607,6,6,0,7,0
3608,6,0,7,8,1
3609,0,7,8,1,0
3610,7,8,1,5,-1
3611,8,1,5,6,-1
3612,1,5,6,9,-1
3613,5,6,9,8,0
3614,6,9,8,1,-1
3615,9,8,1,2,1
3616,8,1,2,2,0
3617,1,2,2,3,0
3618,2,2,3,4,-1
3619,2,3,4,1,-1
3620,3,4,1,0,-1
3621,4,1,0,1,0
3622,1,0,1,3,1
3623,0,1,3,2,1
3624,1,3,2,1,0
3625,3,2,1,4,-1
3626,2,1,4,3,1
3627,1,4,3,8,1
3628,4,3,8,2,1
3629,3,8,2,3,1
3630,8,2,3,6,-1
3631,2,3,6,3,1
3632,3,6,3,9,0
3633,6,3,9,5,-1
3634,3,9,5,2,1
3635,9,5,2,2,1
3636,5,2,2,5,1
3637,2,2,5,1,-1
3638,2,5,1,9,-1
3639,5,1,9,3,1
3640,1,9,3,3,-1
3641,9,3,3,8,1
3642,3,3,8,2,0
3643,3,8,2,1,0
3644,8,2,1,8,0
3645,2,1,8,3,1
3646,1,8,3,9,-1
3647,8,3,9,7,1
3648,3,9,7,1,0
3649,9,7,1,8,1
3650,7,1,8,5,1
3651,1,8,5,7,0
3652,8,5,7,3,-1
3653,5,7,3,3,1
3654,7,3,3,6,-1
3655,3,3,6,3,1
3656,3,6,3,1,0
3657,6,3,1,6,0
3658,3,1,6,1,0
3659,1,6,1,2,1
3660,6,1,2,5,-1
3661,1,2,5,7,1
3662,2,5,7,7,0
3663,5,7,7,8,-1
3664,7,7,8,2,1
3665,7,8,2,3,1
3666,8,2,3,7,1
3667,2,3,7,3,-1
3668,3,7,3,8,1
3669,7,3,8,0,-1
3670,3,8,0,7,1
3671,8,0,7,3,1
3672,0,7,3,2,1
3673,7,3,2,7,1
3674,3,2,7,1,0
3675,2,7,1,9,1
3676,7,1,9,3,1
3677,1,9,3,9,1
3678,9,3,9,9,-1
3679,3,9,9,4,0
3680,9,9,4,0,-1
3681,9,4,0,9,-1
3682,4,0,9,7,0
3683,0,9,7,5,-1
3684,9,7,5,7,0
3685,7,5,7,1,1
3686,5,7,1,1,0
3687,7,1,1,9,1
3688,1,1,9,6,0
3689,1,9,6,3,1
3690,9,6,3,7,0
3691,6,3,7,3,-1
3692,3,7,3,5,-1
3693,7,3,5,9,-1
3694,3,5,9,1,0
3695,5,9,1,2,1
3696,9,1,2,8,1
3697,1,2,8,8,1
3698,2,8,8,8,0
3699,8,8,8,2,-1
3700,8,8,2,5,1
3701,8,2,5,2,0
3702,2,5,2,3,1
3703,5,2,3,2,1
3704,2,3,2,3,-1
3705,3,2,3,8,0
3706,2,3,8,1,0
3707,3,8,1,9,1
3708,8,1,9,4,1
3709,1,9,4,0,0
3710,9,4,0,7,0
3711,4,0,7,4,-1
3712,0,7,4,3,1
3713,7,4,3,6,-1
3714,4,3,6,5,0
3715,3,6,5,2,1
3716,6,5,2,9,1
3717,5,2,9,2,1
3718,2,9,2,4,1
3719,9,2,4,8,-1
3720,2,4,8,7,0
3721,4,8,7,2,1
3722,8,7,2,9,-1
3723,7,2,9,2,1
3724,2,9,2,1,0
3725,9,2,1,1,-1
3726,2,1,1,1,0
3727,1,1,1,6,-1
3728,1,1,6,4,-1
3729,1,6,4,2,0
3730,6,4,2,8,1
3731,4,2,8,2,0
3732,2,8,2,4,-1
3733,8,2,4,3,0
3734,2,4,3,7,-1
3735,4,3,7,2,1
3736,3,7,2,9,1
3737,7,2,9,4,-1
3738,2,9,4,8,1
3739,9,4,8,3,-1
3740,4,8,3,6,-1
3741,8,3,6,0,-1
3742,3,6,0,8,1
3743,6,0,8,3,1
3744,0,8,3,7,0
3745,8,3,7,9,1
3746,3,7,9,2,1
3747,7,9,2,9,-1
3748,9,2,9,2,1
3749,2,9,2,2,1
3750,9,2,2,2,0
3751,2,2,2,9,0
3752,2,2,9,6,1
3753,2,9,6,4,-1
3754,9,6,4,2,0
3755,6,4,2,7,-1
3756,4,2,7,8,1
3757,2,7,8,6,-1
3758,7,8,6,6,-1
3759,8,6,6,9,1
3760,6,6,9,3,1
3761,6,9,3,3,1
3762,9,3,3,9,0
3763,3,3,9,3,1
3764,3,9,3,0,0
3765,9,3,0,3,1
3766,3,0,3,9,1
3767,0,3,9,7,0
3768,3,9,7,2,1
3769,9,7,2,5,-1
3770,7,2,5,4,-1
3771,2,5,4,8,1
3772,5,4,8,2,1
3773,4,8,2,2,1
3774,8,2,2,7,0
3775,2,2,7,9,-1
3776,2,7,9,0,-1
3777,7,9,0,1,0
3778,9,0,1,7,-1
3779,0,1,7,0,-1
3780,1,7,0,4,-1
3781,7,0,4,7,0
3782,0,4,7,4,-1
3783,4,7,4,2,1
3784,7,4,2,5,-1
3785,4,2,5,7,0
3786,2,5,7,0,-1
3787,5,7,0,0,-1
3788,7,0,0,4,-1
3789,0,0,4,7,0
3790,0,4,7,7,-1
3791,4,7,7,3,1
3792,7,7,3,3,1
3793,7,3,3,9,1
3794,3,3,9,3,1
3795,3,9,3,4,1
3796,9,3,4,2,1
3797,3,4,2,3,1
3798,4,2,3,2,1
3799,2,3,2,8,-1
3800,3,2,8,7,-1
3801,2,8,7,7,1
3802,8,7,7,3,1
3803,7,7,3,0,1
3804,7,3,0,2,1
3805,3,0,2,2,0
3806,0,2,2,3,0
3807,2,2,3,0,-1
3808,2,3,0,8,1
3809,3,0,8,3,1
3810,0,8,3,3,1
3811,8,3,3,3,1
3812,3,3,3,2,0
3813,3,3,2,3,-1
3814,3,2,3,0,-1
3815,2,3,0,3,-1
3816,3,0,3,0,-1
3817,0,3,0,5,-1
3818,3,0,5,9,1
3819,0,5,9,7,0
3820,5,9,7,1,0
3821,9,7,1,4,-1
3822,7,1,4,1,0
3823,1,4,1,8,1
3824,4,1,8,1,0
3825,1,8,1,8,1
3826,8,1,8,6,0
3827,1,8,6,2,1
3828,8,6,2,9,1
3829,6,2,9,1,0
3830,2,9,1,7,0
3831,9,1,7,9,-1
3832,1,7,9,9,-1
3833,7,9,9,2,1
3834,9,9,2,3,0
3835,9,2,3,2,1
3836,2,3,2,8,-1
3837,3,2,8,3,-1
3838,2,8,3,1,0
3839,8,3,1,6,1
3840,3,1,6,2,1
3841,1,6,2,4,-1
3842,6,2,4,2,1
3843,2,4,2,9,-1
3844,4,2,9,1,0
3845,2,9,1,2,1
3846,9,1,2,9,1
3847,1,2,9,7,0
3848,2,9,7,3,-1
3849,9,7,3,9,1
3850,7,3,9,3,0
3851,3,9,3,6,-1
3852,9,3,6,2,0
3853,3,6,2,8,-1
3854,6,2,8,6,-1
3855,2,8,6,7,-1
3856,8,6,7,0,-1
3857,6,7,0,1,0
3858,7,0,1,0,-1
3859,0,1,0,2,1
3860,1,0,2,9,1
3861,0,2,9,9,0
3862,2,9,9,1,0
3863,9,9,1,8,0
3864,9,1,8,5,-1
3865,1,8,5,3,0
3866,8,5,3,6,-1
3867,5,3,6,5,-1
3868,3,6,5,0,0
3869,6,5,0,8,0
3870,5,0,8,3,1
3871,0,8,3,1,-1
3872,8,3,1,4,-1
3873,3,1,4,3,1
3874,1,4,3,7,0
3875,4,3,7,3,1
3876,3,7,3,9,0
3877,7,3,9,7,0
3878,3,9,7,9,-1
3879,9,7,9,1,0
3880,7,9,1,8,1
3881,9,1,8,3,0
3882,1,8,3,2,1
3883,8,3,2,1,0
3884,3,2,1,0,-1
3885,2,1,0,2,1
3886,1,0,2,4,-1
3887,0,2,4,9,1
3888,2,4,9,3,-1
3889,4,9,3,2,0
3890,9,3,2,1,0
3891,3,2,1,5,-1
3892,2,1,5,3,1
3893,1,5,3,6,-1
3894,5,3,6,9,1
3895,3,6,9,3,1
3896,6,9,3,4,-1
3897,9,3,4,6,-1
3898,3,4,6,3,1
3899,4,6,3,0,-1
3900,6,3,0,8,1
3901,3,0,8,4,-1
3902,0,8,4,4,-1
3903,8,4,4,3,1
3904,4,4,3,4,-1
3905,4,3,4,3,0
3906,3,4,3,9,1
3907,4,3,9,4,-1
3908,3,9,4,3,-1
3909,9,4,3,3,0
3910,4,3,3,9,1
3911,3,3,9,3,1
3912,3,9,3,0,-1
3913,9,3,0,1,0
3914,3,0,1,6,-1
3915,0,1,6,3,1
3916,1,6,3,9,1
3917,6,3,9,7,0
3918,3,9,7,4,1
3919,9,7,4,7,0
3920,7,4,7,9,1
3921,4,7,9,3,1
3922,7,9,3,4,-1
3923,9,3,4,0,-1
3924,3,4,0,2,0
3925,4,0,2,9,-1
3926,0,2,9,2,1
3927,2,9,2,7,0
3928,9,2,7,1,0
3929,2,7,1,7,-1
3930,7,1,7,8,0
3931,1,7,8,8,1
3932,7,8,8,3,1
3933,8,8,3,5,-1
3934,8,3,5,9,1
3935,3,5,9,8,1
3936,5,9,8,1,0
3937,9,8,1,1,0
3938,8,1,1,0,-1
3939,1,1,0,9,1
3940,1,0,9,2,1
3941,0,9,2,2,1
3942,9,2,2,5,0
3943,2,2,5,9,1
3944,2,5,9,2,1
3945,5,9,2,1,0
3946,9,2,1,6,-1
3947,2,1,6,9,0
3948,1,6,9,8,1
3949,6,9,8,3,1
3950,9,8,3,8,-1
3951,8,3,8,5,-1
3952,3,8,5,2,1
3953,8,5,2,8,-1
3954,5,2,8,4,1
3955,2,8,4,2,1
3956,8,4,2,1,0
3957,4,2,1,9,1
3958,2,1,9,0,-1
3959,1,9,0,0,1
3960,9,0,0,1,0
3961,0,0,1,8,1
3962,0,1,8,1,0
3963,1,8,1,4,-1
3964,8,1,4,9,1
3965,1,4,9,0,-1
3966,4,9,0,5,-1
3967,9,0,5,4,-1
3968,0,5,4,8,1
3969,5,4,8,7,0
3970,4,8,7,3,0
3971,8,7,3,2,-1
3972,7,3,2,8,1
3973,3,2,8,7,1
3974,2,8,7,7,-1
3975,8,7,7,0,-1
3976,7,7,0,3,1
3977,7,0,3,2,0
3978,0,3,2,1,0
3979,3,2,1,3,-1
3980,2,1,3,9,1
3981,1,3,9,9,1
3982,3,9,9,6,-1
3983,9,9,6,7,0
3984,9,6,7,9,-1
3985,6,7,9,9,1
3986,7,9,9,9,0
3987,9,9,9,2,1
3988,9,9,2,2,1
3989,9,2,2,2,1
3990,2,2,2,1,0
3991,2,2,1,7,-1
3992,2,1,7,3,-1
3993,1,7,3,3,-1
3994,7,3,3,2,1
3995,3,3,2,1,0
3996,3,2,1,2,1
3997,2,1,2,1,-1
3998,1,2,1,2,1
3999,2,1,2,4,-1
4000,1,2,4,2,-1
4001,2,4,2,4,-1
4002,4,2,4,3,1
4003,2,4,3,3,0
4004,4,3,3,0,-1
4005,3,3,0,2,-1
4006,3,0,2,8,1
4007,0,2,8,2,1
4008,2,8,2,9,1
4009,8,2,9,1,0
4010,2,9,1,2,0
4011,9,1,2,2,1
4012,1,2,2,7,1
4013,2,2,7,2,1
4014,2,7,2,4,1
4015,7,2,4,0,-1
4016,2,4,0,3,-1
4017,4,0,3,8,1
4018,0,3,8,7,0
4019,3,8,7,3,1
4020,8,7,3,6,0
4021,7,3,6,1,0
4022,3,6,1,2,1
4023,6,1,2,8,1
4024,1,2,8,8,1
4025,2,8,8,8,-1
4026,8,8,8,4,-1
4027,8,8,4,3,1
4028,8,4,3,5,0
4029,4,3,5,1,0
4030,3,5,1,4,1
4031,5,1,4,6,-1
4032,1,4,6,0,1
4033,4,6,0,2,1
4034,6,0,2,3,1
4035,0,2,3,1,0
4036,2,3,1,4,-1
4037,3,1,4,2,1
4038,1,4,2,8,1
4039,4,2,8,6,-1
4040,2,8,6,9,1
4041,8,6,9,8,0
4042,6,9,8,2,1
4043,9,8,2,2,-1
4044,8,2,2,9,-1
4045,2,2,9,8,1
4046,2,9,8,2,1
4047,9,8,2,1,1
4048,8,2,1,9,-1
4049,2,1,9,9,1
4050,1,9,9,3,0
4051,9,9,3,2,-1
4052,9,3,2,8,1
4053,3,2,8,1,-1
4054,2,8,1,3,1
4055,8,1,3,3,1
4056,1,3,3,2,1
4057,3,3,2,6,0
4058,3,2,6,6,-1
4059,2,6,6,1,0
4060,6,6,1,2,1
4061,6,1,2,5,-1
4062,1,2,5,5,1
4063,2,5,5,4,-1
4064,5,5,4,3,1
4065,5,4,3,5,-1
4066,4,3,5,3,1
4067,3,5,3,3,-1
4068,5,3,3,8,1
4069,3,3,8,9,0
4070,3,8,9,6,1
4071,8,9,6,3,1
4072,9,6,3,7,0
4073,6,3,7,9,0
4074,3,7,9,9,-1
4075,7,9,9,3,-1
4076,9,9,3,2,1
4077,9,3,2,9,1
4078,3,2,9,5,-1
4079,2,9,5,6,-1
4080,9,5,6,2,1
4081,5,6,2,9,1
4082,6,2,9,3,1
4083,2,9,3,2,1
4084,9,3,2,6,-1
4085,3,2,6,3,0
4086,2,6,3,5,-1
4087,6,3,5,7,0
4088,3,5,7,4,-1
4089,5,7,4,9,1
4090,7,4,9,3,-1
4091,4,9,3,9,1
4092,9,3,9,2,0
4093,3,9,2,2,0
4094,9,2,2,3,1
4095,2,2,3,5,-1
4096,2,3,5,9,-1
4097,3,5,9,9,1
4098,5,9,9,9,-1
4099,9,9,9,0,-1
4100,9,9,0,3,-1
4101,9,0,3,2,1
4102,0,3,2,6,-1
4103,3,2,6,3,1
4104,2,6,3,3,-1
4105,6,3,3,1,0
4106,3,3,1,2,1
4107,3,1,2,6,-1
4108,1,2,6,2,1
4109,2,6,2,3,1
4110,6,2,3,8,1
4111,2,3,8,7,0
4112,3,8,7,3,-1
4113,8,7,3,7,0
4114,7,3,7,3,1
4115,3,7,3,4,-1
4116,7,3,4,2,1
4117,3,4,2,2,1
4118,4,2,2,2,-1
4119,2,2,2,9,-1
4120,2,2,9,7,-1
4121,2,9,7,8,0
4122,9,7,8,8,1
4123,7,8,8,2,1
4124,8,8,2,8,1
4125,8,2,8,4,-1
4126,2,8,4,3,-1
4127,8,4,3,3,-1
4128,4,3,3,4,1
4129,3,3,4,9,1
4130,3,4,9,1,0
4131,4,9,1,7,0
4132,9,1,7,9,1
4133,1,7,9,3,1
4134,7,9,3,9,-1
4135,9,3,9,8,1
4136,3,9,8,9,1
4137,9,8,9,6,0
4138,8,9,6,0,-1
4139,9,6,0,7,1
4140,6,0,7,2,1
4141,0,7,2,6,-1
4142,7,2,6,2,1
4143,2,6,2,2,1
4144,6,2,2,6,-1
4145,2,2,6,8,-1
4146,2,6,8,5,-1
4147,6,8,5,9,-1
4148,8,5,9,7,0
4149,5,9,7,4,1
4150,9,7,4,6,-1
4151,7,4,6,7,0
4152,4,6,7,8,1
4153,6,7,8,4,-1
4154,7,8,4,9,1
4155,8,4,9,9,-1
4156,4,9,9,3,0
4157,9,9,3,8,1
4158,9,3,8,6,0
4159,3,8,6,8,1
4160,8,6,8,5,-1
4161,6,8,5,9,1
4162,8,5,9,8,1
4163,5,9,8,4,-1
4164,9,8,4,7,0
4165,8,4,7,2,1
4166,4,7,2,9,-1
4167,7,2,9,3,1
4168,2,9,3,9,1
4169,9,3,9,5,-1
4170,3,9,5,6,-1
4171,9,5,6,7,0
4172,5,6,7,8,0
4173,6,7,8,2,1
4174,7,8,2,2,0
4175,8,2,2,3,1
4176,2,2,3,3,1
4177,2,3,3,3,-1
4178,3,3,3,2,1
4179,3,3,2,6,-1
4180,3,2,6,0,0
4181,2,6,0,6,-1
4182,6,0,6,1,0
4183,0,6,1,9,1
4184,6,1,9,3,1
4185,1,9,3,2,1
4186,9,3,2,2,1
4187,3,2,2,5,-1
4188,2,2,5,4,-1
4189,2,5,4,2,1
4190,5,4,2,2,1
4191,4,2,2,2,1
4192,2,2,2,3,1
4193,2,2,3,1,0
4194,2,3,1,6,-1
4195,3,1,6,8,1
4196,1,6,8,5,-1
4197,6,8,5,9,-1
4198,8,5,9,5,-1
4199,5,9,5,7,1
4200,9,5,7,2,0
4201,5,7,2,9,1
4202,7,2,9,2,-1
4203,2,9,2,7,0
4204,9,2,7,9,1
4205,2,7,9,9,-1
4206,7,9,9,2,1
4207,9,9,2,1,-1
4208,9,2,1,9,-1
4209,2,1,9,1,0
4210,1,9,1,5,1
4211,9,1,5,2,-1
4212,1,5,2,2,0
4213,5,2,2,7,0
4214,2,2,7,2,0
4215,2,7,2,7,-1
4216,7,2,7,2,1
4217,2,7,2,1,0
4218,7,2,1,6,0
4219,2,1,6,9,-1
4220,1,6,9,6,-1
4221,6,9,6,7,0
4222,9,6,7,8,1
4223,6,7,8,3,1
4224,7,8,3,5,-1
4225,8,3,5,0,0
4226,3,5,0,9,1
4227,5,0,9,1,0
4228,0,9,1,9,1
4229,9,1,9,7,0
4230,1,9,7,0,0
4231,9,7,0,5,-1
4232,7,0,5,1,0
4233,0,5,1,5,1
4234,5,1,5,2,1
4235,1,5,2,5,1
4236,5,2,5,9,1
4237,2,5,9,9,1
4238,5,9,9,4,-1
4239,9,9,4,3,-1
4240,9,4,3,7,0
4241,4,3,7,5,0
4242,3,7,5,9,1
4243,7,5,9,2,1
4244,5,9,2,8,0
4245,9,2,8,6,-1
4246,2,8,6,9,1
4247,8,6,9,0,1
4248,6,9,0,7,-1
4249,9,0,7,4,-1
4250,0,7,4,9,1
4251,7,4,9,6,-1
4252,4,9,6,3,1
4253,9,6,3,8,1
4254,6,3,8,0,-1
4255,3,8,0,6,-1
4256,8,0,6,3,-1
4257,0,6,3,2,1
4258,6,3,2,0,0
4259,3,2,0,4,-1
4260,2,0,4,2,1
4261,0,4,2,9,1
4262,4,2,9,6,-1
4263,2,9,6,3,-1
4264,9,6,3,8,0
4265,6,3,8,2,1
4266,3,8,2,2,1
4267,8,2,2,9,1
4268,2,2,9,3,1
4269,2,9,3,5,-1
4270,9,3,5,1,0
4271,3,5,1,7,0
4272,5,1,7,3,0
4273,1,7,3,4,-1
4274,7,3,4,2,1
4275,3,4,2,9,-1
4276,4,2,9,2,1
4277,2,9,2,3,1
4278,9,2,3,4,0
4279,2,3,4,2,1
4280,3,4,2,6,-1
4281,4,2,6,9,1
4282,2,6,9,8,1
4283,6,9,8,3,-1
4284,9,8,3,1,0
4285,8,3,1,6,-1
4286,3,1,6,4,-1
4287,1,6,4,8,0
4288,6,4,8,3,1
4289,4,8,3,2,0
4290,8,3,2,1,0
4291,3,2,1,7,0
4292,2,1,7,0,0
4293,1,7,0,3,1
4294,7,0,3,8,1
4295,0,3,8,2,0
4296,3,8,2,2,1
4297,8,2,2,4,-1
4298,2,2,4,1,0
4299,2,4,1,5,-1
4300,4,1,5,9,1
4301,1,5,9,3,1
4302,5,9,3,2,1
4303,9,3,2,5,-1
4304,3,2,5,2,1
4305,2,5,2,9,1
4306,5,2,9,3,-1
4307,2,9,3,2,0
4308,9,3,2,2,0
4309,3,2,2,2,1
4310,2,2,2,2,0
4311,2,2,2,3,1
4312,2,2,3,3,0
4313,2,3,3,9,0
4314,3,3,9,9,0
4315,3,9,9,3,1
4316,9,9,3,9,1
4317,9,3,9,3,1
4318,3,9,3,3,1
4319,9,3,3,1,0
4320,3,3,1,3,1
4321,3,1,3,6,-1
4322,1,3,6,2,1
4323,3,6,2,5,-1
4324,6,2,5,7,0
4325,2,5,7,6,-1
4326,5,7,6,2,0
4327,7,6,2,9,1
4328,6,2,9,7,-1
4329,2,9,7,6,0
4330,9,7,6,1,0
4331,7,6,1,2,1
4332,6,1,2,9,1
4333,1,2,9,0,-1
4334,2,9,0,4,-1
4335,9,0,4,2,1
4336,0,4,2,8,-1
4337,4,2,8,4,-1
4338,2,8,4,6,-1
4339,8,4,6,7,0
4340,4,6,7,2,1
4341,6,7,2,7,-1
4342,7,2,7,2,1
4343,2,7,2,4,1
4344,7,2,4,8,1
4345,2,4,8,3,-1
4346,4,8,3,6,-1
4347,8,3,6,3,1
4348,3,6,3,3,1
4349,6,3,3,9,1
4350,3,3,9,8,-1
4351,3,9,8,2,1
4352,9,8,2,3,1
4353,8,2,3,9,1
4354,2,3,9,0,1
4355,3,9,0,2,1
4356,9,0,2,2,1
4357,0,2,2,1,0
4358,2,2,1,6,1
4359,2,1,6,0,1
4360,1,6,0,9,-1
4361,6,0,9,8,1
4362,0,9,8,6,-1
4363,9,8,6,1,0
4364,8,6,1,8,1
4365,6,1,8,8,1
4366,1,8,8,9,1
4367,8,8,9,6,-1
4368,8,9,6,0,-1
4369,9,6,0,2,1
4370,6,0,2,9,-1
4371,0,2,9,3,-1
4372,2,9,3,7,-1
4373,9,3,7,5,0
4374,3,7,5,4,-1
4375,7,5,4,6,1
4376,5,4,6,3,0
4377,4,6,3,8,1
4378,6,3,8,0,-1
4379,3,8,0,3,1
4380,8,0,3,2,1
4381,0,3,2,2,-1
4382,3,2,2,1,0
4383,2,2,1,4,-1
4384,2,1,4,2,1
4385,1,4,2,2,-1
4386,4,2,2,1,-1
4387,2,2,1,6,-1
4388,2,1,6,2,1
4389,1,6,2,9,1
4390,6,2,9,6,-1
4391,2,9,6,2,1
4392,9,6,2,9,-1
4393,6,2,9,8,1
4394,2,9,8,3,1
4395,9,8,3,6,-1
4396,8,3,6,1,-1
4397,3,6,1,4,1
4398,6,1,4,7,0
4399,1,4,7,3,1
4400,4,7,3,4,1
4401,7,3,4,3,0
4402,3,4,3,2,1
4403,4,3,2,4,-1
4404,3,2,4,5,-1
4405,2,4,5,2,1
4406,4,5,2,4,-1
4407,5,2,4,7,-1
4408,2,4,7,3,1
4409,4,7,3,3,0
4410,7,3,3,7,0
4411,3,3,7,1,0
4412,3,7,1,1,0
4413,7,1,1,8,1
4414,1,1,8,9,-1
4415,1,8,9,3,1
4416,8,9,3,3,1
4417,9,3,3,2,1
4418,3,3,2,2,0
4419,3,2,2,6,1
4420,2,2,6,4,-1
4421,2,6,4,8,1
4422,6,4,8,6,-1
4423,4,8,6,4,-1
4424,8,6,4,4,-1
4425,6,4,4,9,1
4426,4,4,9,2,1
4427,4,9,2,4,-1
4428,9,2,4,1,0
4429,2,4,1,7,-1
4430,4,1,7,8,-1
4431,1,7,8,3,-1
4432,7,8,3,0,-1
4433,8,3,0,4,1
4434,3,0,4,8,0
4435,0,4,8,5,-1
4436,4,8,5,3,1
4437,8,5,3,3,0
4438,5,3,3,9,1
4439,3,3,9,0,0
4440,3,9,0,1,0
4441,9,0,1,1,-1
4442,0,1,1,0,1
4443,1,1,0,9,1
4444,1,0,9,9,1
4445,0,9,9,5,-1
4446,9,9,5,9,1
4447,9,5,9,6,0
4448,5,9,6,2,1
4449,9,6,2,2,0
4450,6,2,2,1,0
4451,2,2,1,7,0
4452,2,1,7,0,-1
4453,1,7,0,5,-1
4454,7,0,5,2,1
4455,0,5,2,6,-1
4456,5,2,6,2,1
4457,2,6,2,9,1
4458,6,2,9,3,1
4459,2,9,3,2,0
4460,9,3,2,3,1
4461,3,2,3,9,0
4462,2,3,9,0,-1
4463,3,9,0,0,-1
4464,9,0,0,8,0
4465,0,0,8,2,1
4466,0,8,2,4,-1
4467,8,2,4,0,1
4468,2,4,0,2,1
4469,4,0,2,2,1
4470,0,2,2,2,-1
4471,2,2,2,3,1
4472,2,2,3,7,0
4473,2,3,7,3,-1
4474,3,7,3,3,-1
4475,7,3,3,2,0
4476,3,3,2,2,-1
4477,3,2,2,3,-1
4478,2,2,3,2,1
4479,2,3,2,2,1
4480,3,2,2,3,-1
4481,2,2,3,2,1
4482,2,3,2,2,-1
4483,3,2,2,3,1
4484,2,2,3,8,1
4485,2,3,8,8,1
4486,3,8,8,0,1
4487,8,8,0,9,1
4488,8,0,9,0,-1
4489,0,9,0,9,-1
4490,9,0,9,8,1
4491,0,9,8,4,-1
4492,9,8,4,3,-1
4493,8,4,3,7,0
4494,4,3,7,2,-1
4495,3,7,2,7,0
4496,7,2,7,1,1
4497,2,7,1,1,0
4498,7,1,1,4,-1
4499,1,1,4,1,1
4500,1,4,1,6,-1
4501,4,1,6,9,1
4502,1,6,9,3,1
4503,6,9,3,9,-1
4504,9,3,9,8,1
4505,3,9,8,0,-1
4506,9,8,0,9,1
4507,8,0,9,8,1
4508,0,9,8,1,0
4509,9,8,1,0,-1
4510,8,1,0,4,1
4511,1,0,4,9,1
4512,0,4,9,2,1
4513,4,9,2,6,0
4514,9,2,6,8,-1
4515,2,6,8,4,1
4516,6,8,4,7,0
4517,8,4,7,7,-1
4518,4,7,7,9,1
4519,7,7,9,8,0
4520,7,9,8,6,-1
4521,9,8,6,3,0
4522,8,6,3,2,1
4523,6,3,2,3,1
4524,3,2,3,9,1
4525,2,3,9,3,-1
4526,3,9,3,8,0
4527,9,3,8,5,-1
4528,3,8,5,8,1
4529,8,5,8,8,0
4530,5,8,8,2,-1
4531,8,8,2,8,1
4532,8,2,8,4,-1
4533,2,8,4,3,0
4534,8,4,3,6,-1
4535,4,3,6,1,0
4536,3,6,1,6,0
4537,6,1,6,3,1
4538,1,6,3,0,-1
4539,6,3,0,8,-1
4540,3,0,8,7,0
4541,0,8,7,9,-1
4542,8,7,9,8,1
4543,7,9,8,7,0
4544,9,8,7,0,-1
4545,8,7,0,4,-1
4546,7,0,4,1,0
4547,0,4,1,2,0
4548,4,1,2,5,-1
4549,1,2,5,3,1
4550,2,5,3,1,0
4551,5,3,1,3,1
4552,3,1,3,3,-1
4553,1,3,3,4,1
4554,3,3,4,3,-1
4555,3,4,3,9,1
4556,4,3,9,8,1
4557,3,9,8,9,1
4558,9,8,9,3,1
4559,8,9,3,3,1
4560,9,3,3,6,-1
4561,3,3,6,9,1
4562,3,6,9,9,0
4563,6,9,9,9,0
4564,9,9,9,8,1
4565,9,9,8,9,1
4566,9,8,9,9,0
4567,8,9,9,9,-1
4568,9,9,9,9,0
4569,9,9,9,2,1
4570,9,9,2,4,-1
4571,9,2,4,2,1
4572,2,4,2,2,-1
4573,4,2,2,6,-1
4574,2,2,6,6,-1
4575,2,6,6,3,1
4576,6,6,3,4,1
4577,6,3,4,9,0
4578,3,4,9,9,1
4579,4,9,9,5,-1
4580,9,9,5,5,-1
4581,9,5,5,4,-1
4582,5,5,4,6,-1
4583,5,4,6,2,1
4584,4,6,2,2,1
4585,6,2,2,7,1
4586,2,2,7,4,-1
4587,2,7,4,3,1
4588,7,4,3,3,0
4589,4,3,3,4,-1
4590,3,3,4,8,1
4591,3,4,8,3,1
4592,4,8,3,5,-1
4593,8,3,5,8,1
4594,3,5,8,7,0
4595,5,8,7,2,1
4596,8,7,2,7,0
4597,7,2,7,6,0
4598,2,7,6,4,0
4599,7,6,4,8,1
4600,6,4,8,9,0
4601,4,8,9,3,1
4602,8,9,3,2,1
4603,9,3,2,4,-1
4604,3,2,4,2,-1
4605,2,4,2,3,1
4606,4,2,3,0,-1
4607,2,3,0,8,1
4608,3,0,8,4,-1
4609,0,8,4,6,1
4610,8,4,6,8,1
4611,4,6,8,2,1
4612,6,8,2,2,0
4613,8,2,2,7,0
4614,2,2,7,1,0
4615,2,7,1,6,-1
4616,7,1,6,8,0
4617,1,6,8,5,-1
4618,6,8,5,6,-1
4619,8,5,6,0,1
4620,5,6,0,6,-1
4621,6,0,6,8,-1
4622,0,6,8,4,1
4623,6,8,4,1,0
4624,8,4,1,7,0
4625,4,1,7,8,1
4626,1,7,8,2,1
4627,7,8,2,8,1
4628,8,2,8,0,0
4629,2,8,0,9,1
4630,8,0,9,2,1
4631,0,9,2,6,-1
4632,9,2,6,2,1
4633,2,6,2,4,1
4634,6,2,4,1,0
4635,2,4,1,3,-1
4636,4,1,3,9,0
4637,1,3,9,8,1
4638,3,9,8,6,-1
4639,9,8,6,9,1
4640,8,6,9,9,0
4641,6,9,9,3,1
4642,9,9,3,4,1
4643,9,3,4,9,-1
4644,3,4,9,2,-1
4645,4,9,2,4,1
4646,9,2,4,2,0
4647,2,4,2,7,1
4648,4,2,7,9,1
4649,2,7,9,9,-1
4650,7,9,9,4,-1
4651,9,9,4,4,-1
4652,9,4,4,4,-1
4653,4,4,4,2,1
4654,4,4,2,4,-1
4655,4,2,4,2,0
4656,2,4,2,3,0
4657,4,2,3,8,1
4658,2,3,8,5,-1
4659,3,8,5,7,0
4660,8,5,7,1,0
4661,5,7,1,6,-1
4662,7,1,6,2,1
4663,1,6,2,1,-1
4664,6,2,1,3,-1
4665,2,1,3,7,0
4666,1,3,7,9,1
4667,3,7,9,8,1
4668,7,9,8,0,-1
4669,9,8,0,7,0
4670,8,0,7,6,0
4671,0,7,6,6,-1
4672,7,6,6,9,1
4673,6,6,9,9,1
4674,6,9,9,9,-1
4675,9,9,9,2,0
4676,9,9,2,7,-1
4677,9,2,7,8,1
4678,2,7,8,0,-1
4679,7,8,0,9,1
4680,8,0,9,8,0
4681,0,9,8,3,1
4682,9,8,3,2,0
4683,8,3,2,8,1
4684,3,2,8,7,-1
4685,2,8,7,1,0
4686,8,7,1,7,1
4687,7,1,7,8,0
4688,1,7,8,8,0
4689,7,8,8,8,1
4690,8,8,8,2,-1
4691,8,8,2,6,-1
4692,8,2,6,0,1
4693,2,6,0,9,1
4694,6,0,9,1,0
4695,0,9,1,4,1
4696,9,1,4,9,1
4697,1,4,9,7,0
4698,4,9,7,8,1
4699,9,7,8,6,0
4700,7,8,6,6,-1
4701,8,6,6,9,1
4702,6,6,9,7,0
4703,6,9,7,8,1
4704,9,7,8,0,-1
4705,7,8,0,3,0
4706,8,0,3,4,-1
4707,0,3,4,2,1
4708,3,4,2,2,1
4709,4,2,2,7,0
4710,2,2,7,1,-1
4711,2,7,1,8,-1
4712,7,1,8,6,-1
4713,1,8,6,4,-1
4714,8,6,4,3,1
4715,6,4,3,3,1
4716,4,3,3,7,0
4717,3,3,7,7,-1
4718,3,7,7,4,1
4719,7,7,4,9,1
4720,7,4,9,2,1
4721,4,9,2,2,-1
4722,9,2,2,6,-1
4723,2,2,6,0,-1
4724,2,6,0,2,-1
4725,6,0,2,8,0
4726,0,2,8,8,0
4727,2,8,8,2,1
4728,8,8,2,3,1
4729,8,2,3,4,-1
4730,2,3,4,2,1
4731,3,4,2,3,1
4732,4,2,3,5,1
4733,2,3,5,2,1
4734,3,5,2,8,0
4735,5,2,8,0,-1
4736,2,8,0,4,-1
4737,8,0,4,9,-1
4738,0,4,9,8,1
4739,4,9,8,9,1
4740,9,8,9,5,1
4741,8,9,5,9,1
4742,9,5,9,2,1
4743,5,9,2,6,-1
4744,9,2,6,6,-1
4745,2,6,6,3,-1
4746,6,6,3,7,0
4747,6,3,7,7,0
4748,3,7,7,7,1
4749,7,7,7,8,1
4750,7,7,8,4,-1
4751,7,8,4,9,-1
4752,8,4,9,8,1
4753,4,9,8,1,0
4754,9,8,1,3,-1
4755,8,1,3,3,0
4756,1,3,3,9,1
4757,3,3,9,9,1
4758,3,9,9,9,1
4759,9,9,9,9,-1
4760,9,9,9,8,0
4761,9,9,8,0,-1
4762,9,8,0,3,1
4763,8,0,3,2,1
4764,0,3,2,3,1
4765,3,2,3,2,1
4766,2,3,2,1,0
4767,3,2,1,2,0
4768,2,1,2,0,-1
4769,1,2,0,4,-1
4770,2,0,4,6,-1
4771,0,4,6,0,0
4772,4,6,0,2,0
4773,6,0,2,3,1
4774,0,2,3,3,1
4775,2,3,3,9,1
4776,3,3,9,1,0
4777,3,9,1,5,-1
4778,9,1,5,9,1
4779,1,5,9,2,1
4780,5,9,2,2,-1
4781,9,2,2,1,-1
4782,2,2,1,3,1
4783,2,1,3,1,0
4784,1,3,1,2,-1
4785,3,1,2,1,0
4786,1,2,1,7,1
4787,2,1,7,3,-1
4788,1,7,3,2,1
4789,7,3,2,3,1
4790,3,2,3,2,1
4791,2,3,2,7,0
4792,3,2,7,4,-1
4793,2,7,4,7,-1
4794,7,4,7,8,1
4795,4,7,8,5,-1
4796,7,8,5,8,1
4797,8,5,8,3,1
4798,5,8,3,2,1
4799,8,3,2,2,0
4800,3,2,2,7,0
4801,2,2,7,2,1
4802,2,7,2,7,0
4803,7,2,7,0,1
4804,2,7,0,7,0
4805,7,0,7,3,-1
4806,0,7,3,6,-1
4807,7,3,6,5,-1
4808,3,6,5,9,1
4809,6,5,9,2,0
4810,5,9,2,8,1
4811,9,2,8,9,1
4812,2,8,9,8,1
4813,8,9,8,3,-1
4814,9,8,3,5,-1
4815,8,3,5,7,0
4816,3,5,7,2,1
4817,5,7,2,5,-1
4818,7,2,5,2,1
4819,2,5,2,9,1
4820,5,2,9,9,0
4821,2,9,9,9,1
4822,9,9,9,9,1
4823,9,9,9,1,0
4824,9,9,1,5,1
4825,9,1,5,2,-1
4826,1,5,2,7,0
4827,5,2,7,9,1
4828,2,7,9,5,-1
4829,7,9,5,2,-1
4830,9,5,2,7,-1
4831,5,2,7,9,1
4832,2,7,9,1,0
4833,7,9,1,6,-1
4834,9,1,6,6,-1
4835,1,6,6,4,-1
4836,6,6,4,9,1
4837,6,4,9,6,1
4838,4,9,6,2,1
4839,9,6,2,9,1
4840,6,2,9,0,-1
4841,2,9,0,8,1
4842,9,0,8,7,0
4843,0,8,7,1,0
4844,8,7,1,3,1
4845,7,1,3,3,1
4846,1,3,3,8,1
4847,3,3,8,6,0
4848,3,8,6,0,1
4849,8,6,0,4,-1
4850,6,0,4,0,-1
4851,0,4,0,9,1
4852,4,0,9,8,1
4853,0,9,8,2,1
4854,9,8,2,8,1
4855,8,2,8,3,1
4856,2,8,3,1,0
4857,8,3,1,9,0
4858,3,1,9,8,1
4859,1,9,8,2,1
4860,9,8,2,7,1
4861,8,2,7,8,1
4862,2,7,8,3,1
4863,7,8,3,9,1
4864,8,3,9,9,1
4865,3,9,9,6,-1
4866,9,9,6,8,1
4867,9,6,8,6,-1
4868,6,8,6,8,1
4869,8,6,8,9,1
4870,6,8,9,9,-1
4871,8,9,9,2,1
4872,9,9,2,2,1
4873,9,2,2,2,1
4874,2,2,2,7,-1
4875,2,2,7,8,1
4876,2,7,8,9,-1
4877,7,8,9,0,-1
4878,8,9,0,9,1
4879,9,0,9,7,0
4880,0,9,7,3,1
4881,9,7,3,6,0
4882,7,3,6,7,0
4883,3,6,7,0,-1
4884,6,7,0,9,1
4885,7,0,9,2,0
4886,0,9,2,8,1
4887,9,2,8,4,-1
4888,2,8,4,9,1
4889,8,4,9,1,0
4890,4,9,1,2,0
4891,9,1,2,1,1
4892,1,2,1,1,0
4893,2,1,1,8,1
4894,1,1,8,3,1
4895,1,8,3,4,-1
4896,8,3,4,6,0
4897,3,4,6,2,1
4898,4,6,2,8,1
4899,6,2,8,8,1
4900,2,8,8,3,-1
4901,8,8,3,6,-1
4902,8,3,6,0,0
4903,3,6,0,6,-1
4904,6,0,6,9,-1
4905,0,6,9,6,-1
4906,6,9,6,2,0
4907,9,6,2,3,1
4908,6,2,3,0,-1
4909,2,3,0,3,1
4910,3,0,3,8,0
4911,0,3,8,6,-1
4912,3,8,6,7,0
4913,8,6,7,5,-1
4914,6,7,5,5,1
4915,7,5,5,0,1
4916,5,5,0,8,1
4917,5,0,8,8,1
4918,0,8,8,7,1
4919,8,8,7,9,-1
4920,8,7,9,9,-1
4921,7,9,9,3,1
4922,9,9,3,2,-1
4923,9,3,2,3,1
4924,3,2,3,6,-1
4925,2,3,6,1,0
4926,3,6,1,5,1
4927,6,1,5,3,1
4928,1,5,3,7,-1
4929,5,3,7,1,0
4930,3,7,1,8,1
4931,7,1,8,8,0
4932,1,8,8,2,1
4933,8,8,2,1,0
4934,8,2,1,3,-1
4935,2,1,3,1,0
4936,1,3,1,1,0
4937,3,1,1,6,0
4938,1,1,6,5,-1
4939,1,6,5,3,0
4940,6,5,3,4,-1
4941,5,3,4,7,0
4942,3,4,7,8,1
4943,4,7,8,4,-1
4944,7,8,4,1,0
4945,8,4,1,7,0
4946,4,1,7,9,1
4947,1,7,9,3,0
4948,7,9,3,2,1
4949,9,3,2,5,-1
4950,3,2,5,7,-1
4951,2,5,7,7,0
4952,5,7,7,4,-1
4953,7,7,4,2,1
4954,7,4,2,2,0
4955,4,2,2,3,1
4956,2,2,3,1,-1
4957,2,3,1,8,1
4958,3,1,8,9,-1
4959,1,8,9,2,1
4960,8,9,2,1,-1
4961,9,2,1,2,-1
4962,2,1,2,7,0
4963,1,2,7,2,-1
4964,2,7,2,0,-1
4965,7,2,0,7,-1
4966,2,0,7,7,0
4967,0,7,7,5,-1
4968,7,7,5,9,-1
4969,7,5,9,0,0
4970,5,9,0,2,1
4971,9,0,2,5,-1
4972,0,2,5,0,-1
4973,2,5,0,3,0
4974,5,0,3,0,-1
4975,0,3,0,2,1
4976,3,0,2,4,1
4977,0,2,4,7,-1
4978,2,4,7,8,1
4979,4,7,8,9,0
4980,7,8,9,4,-1
4981,8,9,4,3,1
4982,9,4,3,6,-1
4983,4,3,6,9,1
4984,3,6,9,8,1
4985,6,9,8,2,1
4986,9,8,2,5,-1
4987,8,2,5,7,-1
4988,2,5,7,0,0
4989,5,7,0,7,0
4990,7,0,7,3,1
4991,0,7,3,6,-1
4992,7,3,6,7,0
4993,3,6,7,9,0
4994,6,7,9,4,-1
4995,7,9,4,6,0
4996,9,4,6,3,1
4997,4,6,3,6,-1
4998,model: DQN_STOC,episode: 5000,T: 3,Num of Category: 10,M(Batch): 3
